title,make,model,year,condition,transmission,price
Lexus ES 330 2006,Lexus,ES 330,2006,Local Used,Automatic,6500000.0
Lexus RX 350 F Sport AWD 2018 Black,Lexus,RX 350,2018,Local Used,Automatic,31000000.0
Lexus RX 350 FWD 2012 Gray,Lexus,RX 350,2012,Foreign Used,Automatic,20500000.0
Toyota 4-Runner SR5 V8 4x4 2005 Blue,Toyota,4-Runner SR5,2005,Local Used,Automatic,5800000.0
Toyota Sienna 2003 Green,Toyota,Sienna,2003,Local Used,Automatic,5000000.0
Lexus GX 460 Luxury 2014 Black,Lexus,GX 460,2014,Local Used,Automatic,23500000.0
Mercedes-Benz GL-Class 2008 Blue,Mercedes Benz,GL-Class,2008,Local Used,Automatic,5000000.0
Toyota Highlander 2014 Red,Toyota,Highlander,2014,Foreign Used,Automatic,24450000.0
Hyundai Elantra 2011 Black,Hyundai,Elantra,2011,Foreign Used,Automatic,9000000.0
Hyundai Elantra 2011 Silver,Hyundai,Elantra,2011,Foreign Used,Automatic,9000000.0
Toyota Camry XSE FWD 2020 White,Toyota,Camry XSE,2020,Foreign Used,Automatic,35000000.0
Toyota Venza 2011 Gray,Toyota,Venza,2011,Local Used,Automatic,9500000.0
Hyundai Sonata 2013 Black,Hyundai,Sonata,2013,Foreign Used,Automatic,12000000.0
Toyota Camry 2009 Black,Toyota,Camry,2009,Local Used,Automatic,3500000.0
Toyota RAV4 Limited AWD (2.5L 4cyl 6A) 2016 Silver,Toyota,RAV4 Limited,2016,Foreign Used,Automatic,26300000.0
"Kia Optima EX 4dr Sedan (2,4L 4cyl 6A) 2012 Gray",Kia,Optima EX,2012,Local Used,Automatic,5300000.0
Mercedes-Benz E350 Base 4Matic Sedan AWD (3.5L 6cyl 7A) 2016 Silver,Mercedes Benz,E350 Base,2016,Local Used,Automatic,20000000.0
Toyota Fortuner 2015 Gray,Toyota,Fortuner,2015,Local Used,Automatic,23414062.0
Toyota Highlander Limited 2019 Black,Toyota,Highlander Limited,2019,Foreign Used,Automatic,30500000.0
Lexus RX 350 2008 White,Lexus,RX 350,2008,Local Used,Automatic,8000000.0
Lexus RX 350 AWD 2012 Gold,Lexus,RX 350,2012,Local Used,Automatic,13500000.0
Lexus ES 330 Sedan 2004 Silver,Lexus,ES 330,2004,Local Used,Automatic,3200000.0
Honda Accord 2005 Silver,Honda,Accord,2005,Local Used,Automatic,3200000.0
Toyota 4-Runner 2004 Silver,Toyota,4-Runner,2004,Local Used,Automatic,3900000.0
New Forthing T5 2024 White,Forthing,T5,2024,Brand New,Automatic,36000000.0
Toyota RAV4 2.0 4x4 2006 Gold,Toyota,RAV4 2,2006,Local Used,Automatic,6499999.0
Hyundai Santa Fe Sport 2013 Black,Hyundai,Santa Fe,2013,Foreign Used,Automatic,14200000.0
Toyota Sienna 2014 Gray,Toyota,Sienna,2014,Foreign Used,Automatic,17592187.0
Lexus ES 350 2007 Red,Lexus,ES 350,2007,Local Used,Automatic,7200000.0
Toyota Corolla 2005 Gray,Toyota,Corolla,2005,Local Used,Automatic,4000000.0
Hyundai Sonata GLS Sedan FWD (2.4L 4cyl 6A) 2013 Silver,Hyundai,Sonata GLS,2013,Foreign Used,Automatic,8999990.0
Toyota Highlander XLE AWD 2020 Black,Toyota,Highlander XLE,2020,Local Used,Automatic,35000000.0
Toyota Corolla 2006 White,Toyota,Corolla,2006,Local Used,Automatic,5500000.0
Toyota Camry SE Sport 4dr Sedan (2.5L 4cyl 6A) 2014 Gray,Toyota,Camry SE,2014,Foreign Used,Automatic,14000000.0
Toyota Tundra 2010 Gold,Toyota,Tundra,2010,Local Used,Automatic,6800000.0
Toyota Corolla 2006 Silver,Toyota,Corolla,2006,Local Used,Automatic,6000000.0
Toyota Camry LE 4dr Sedan (2.5L 4cyl 6A) 2014 Gray,Toyota,Camry LE,2014,Foreign Used,Automatic,12200000.0
Toyota RAV4 2014 Black,Toyota,RAV4,2014,Local Used,Automatic,13000000.0
Mercedes-Benz E200 2014 White,Mercedes Benz,E200,2014,Foreign Used,Automatic,11000000.0
Lexus RX 350 AWD 2009 Blue,Lexus,RX 350,2009,Foreign Used,Automatic,12260000.0
Honda Accord 2.4 2007 Gray,Honda,Accord 2,2007,Local Used,Automatic,3500000.0
Toyota Corolla 2016 Blue,Toyota,Corolla,2016,Foreign Used,Automatic,14500000.0
Lexus ES 350 2008 Black,Lexus,ES 350,2008,Local Used,Automatic,6900000.0
Mazda 323 2000 Red,Mazda,323,2000,Local Used,Manual,4200000.0
Toyota Camry XLE V6 4dr Sedan (3.5L 6cyl 6AM) 2009 Silver,Toyota,Camry XLE,2009,Local Used,Automatic,6200000.0
Lexus RX 2015 Gray,Lexus,RX,2015,Local Used,Automatic,16500000.0
Toyota Sienna 2016 Gold,Toyota,Sienna,2016,Foreign Used,Automatic,19000000.0
Acura MDX 2008 Black,Acura,MDX,2008,Local Used,Automatic,3900000.0
Mercedes-Benz M Class ML 350 BlueTEC 4Matic 2013 Black,Mercedes Benz,M Class,2013,Local Used,Automatic,15600000.0
Toyota Camry 2020 Red,Toyota,Camry,2020,Foreign Used,Automatic,29700000.0
Pontiac Vibe 1.8 AWD 2005 Blue,Pontiac,Vibe 1,2005,Local Used,Manual,3700000.0
Toyota Avalon 2014 Black,Toyota,Avalon,2014,Foreign Used,Automatic,13000000.0
Lexus ES 350 2009 Black,Lexus,ES 350,2009,Local Used,Automatic,5900000.0
Mercedes-Benz GLK-Class 350 4MATIC 2010 Red,Mercedes Benz,GLK-Class 350,2010,Foreign Used,Automatic,10900000.0
Acura MDX 2016 Black,Acura,MDX,2016,Foreign Used,Automatic,14350000.0
Toyota Highlander 2013 Black,Toyota,Highlander,2013,Foreign Used,Automatic,18000000.0
Toyota Corolla 2014 Gray,Toyota,Corolla,2014,Local Used,Automatic,8700000.0
Peugeot 407 1.6 SW HDi 110 2008 Black,Peugeot,407 1,2008,Local Used,Automatic,2600000.0
Toyota Land Cruiser 2013 Black,Toyota,Land Cruiser,2013,Local Used,Automatic,25000000.0
Chevrolet Cruze 2014 Gray,Chevrolet,Cruze,2014,Local Used,Automatic,15820312.0
Lexus RX 2007 Silver,Lexus,RX,2007,Local Used,Automatic,8505000.0
Toyota Highlander V6 2005 Gold,Toyota,Highlander V6,2005,Local Used,Automatic,5000000.0
Peugeot 308 2009 Red,Peugeot,308,2009,Local Used,Automatic,6960937.0
Hyundai Sonata Limited w/Brown Leather 4dr Sedan (2.4L 4cyl 6A) 2015,Hyundai,Sonata Limited,2015,Foreign Used,Automatic,16000000.0
Toyota Tacoma 2004 Silver,Toyota,Tacoma,2004,Local Used,Automatic,7500000.0
Toyota Camry SE V6 4dr Sedan (3.5L 6cyl 6AM) 2007 Silver,Toyota,Camry SE,2007,Local Used,Automatic,4600000.0
Toyota Camry LE 4dr Sedan (2.4L 4cyl 5A) 2007 Gray,Toyota,Camry LE,2007,Local Used,Automatic,6500000.0
Honda Crosstour 2010 Gray,Honda,Crosstour,2010,Local Used,Automatic,9500000.0
Hyundai Ix35 2011 Gray,Hyundai,Ix35,2011,Local Used,Automatic,7500000.0
Toyota Highlander Limited V6 4x4 2007 Red,Toyota,Highlander Limited,2007,Local Used,Automatic,6000000.0
Honda Accord EX-L V-6 4dr Sedan (3.5L 6cyl 6A) 2014 Gray,Honda,Accord EX-L,2014,Local Used,Automatic,9350000.0
Honda Accord 2025 Black,Honda,Accord,2025,Local Used,Automatic,1850000.0
Changan UNI-K 2.0 Petrol AWD 2021 Black,Changan,UNI-K 2,2021,Foreign Used,Automatic,16500000.0
Honda Accord Sedan EX 2006 Silver,Honda,Accord Sedan,2006,Local Used,Automatic,3500000.0
Toyota Camry LE 4dr Sedan (2.4L 4cyl 5A) 2009 Gray,Toyota,Camry LE,2009,Local Used,Automatic,6500000.0
Lexus ES 350 2008 Gray,Lexus,ES 350,2008,Local Used,Manual,6000000.0
Toyota Corolla Sedan Automatic 2003 Gold,Toyota,Corolla Sedan,2003,Local Used,Automatic,4000000.0
Lexus ES 350 2009 Red,Lexus,ES 350,2009,Foreign Used,Automatic,10000000.0
Mercedes-Benz C230 2007 Black,Mercedes Benz,C230,2007,Local Used,Automatic,4600000.0
Toyota Camry 2.4 LE 2008 Blue,Toyota,Camry 2,2008,Local Used,Automatic,5500000.0
Mercedes-Benz GLC-Class 2016 Black,Mercedes Benz,GLC-Class,2016,Local Used,Automatic,16500000.0
Toyota Camry Base 4dr Sedan (2.5L 4cyl 6M) 2010 Gray,Toyota,Camry Base,2010,Local Used,Automatic,6000000.0
Toyota Yaris 2017 White,Toyota,Yaris,2017,Local Used,Automatic,10000000.0
Mercedes-Benz GLK-Class 350 4MATIC 2011 White,Mercedes Benz,GLK-Class 350,2011,Local Used,Automatic,12500000.0
Toyota Camry 2001 Gray,Toyota,Camry,2001,Local Used,Automatic,1900000.0
Toyota Sienna LE AWD 2005 Silver,Toyota,Sienna LE,2005,Local Used,Automatic,5800000.0
Toyota Camry 2006 Gray,Toyota,Camry,2006,Foreign Used,Automatic,11500000.0
Hyundai Elantra Limited 4dr Sedan (1.8L 4cyl 6A) 2014 White,Hyundai,Elantra Limited,2014,Foreign Used,Automatic,10900000.0
Mercedes-Benz GLE-Class GLE 350 2017 White,Mercedes Benz,GLE-Class GLE,2017,Foreign Used,Automatic,31000000.0
Mercedes-Benz M Class 2015 Blue,Mercedes Benz,M Class,2015,Foreign Used,Automatic,18500000.0
Jaguar XF R 2012 Black,Jaguar,XF R,2012,Local Used,Automatic,11000000.0
Toyota Camry LE 4dr Sedan (2.5L 4cyl 6A) 2011 Gray,Toyota,Camry LE,2011,Local Used,Automatic,6900000.0
Toyota RAV4 2016 Blue,Toyota,RAV4,2016,Foreign Used,Automatic,32000000.0
Lexus RX 350 FWD 2018 Gray,Lexus,RX 350,2018,Local Used,Automatic,20000000.0
Honda Accord 2006,Honda,Accord,2006,Local Used,Automatic,2550000.0
Mercedes-Benz C300 2008 Red,Mercedes Benz,C300,2008,Local Used,Automatic,7500000.0
Toyota Matrix 2005 Blue,Toyota,Matrix,2005,Local Used,Automatic,4081640.0
Chevrolet Equinox LS AWD 2006 Silver,Chevrolet,Equinox LS,2006,Local Used,Automatic,4000000.0
Honda Accord 2009 Gray,Honda,Accord,2009,Local Used,Automatic,4429687.0
Toyota Camry 2011 Gray,Toyota,Camry,2011,Foreign Used,Automatic,5900000.0
Honda Accord 2013 Silver,Honda,Accord,2013,Local Used,Automatic,9800000.0
Lexus ES 350 2009 Black,Lexus,ES 350,2009,Foreign Used,Automatic,11000000.0
Toyota Tundra Regular Cab 2006 Red,Toyota,Tundra Regular,2006,Local Used,Automatic,9500000.0
Mercedes-Benz GLE-Class GLE 350 2017 White,Mercedes Benz,GLE-Class GLE,2017,Foreign Used,Automatic,32000000.0
Toyota Camry XLE 4dr Sedan (2.5L 4cyl 6AM) 2010 Black,Toyota,Camry XLE,2010,Local Used,Automatic,6850000.0
Mercedes-Benz C300 2016 Black,Mercedes Benz,C300,2016,Foreign Used,Automatic,19354587.0
Acura MDX SUV 4dr AWD (3.7 6cyl 5A) 2008 Brown,Acura,MDX SUV,2008,Foreign Used,Automatic,9200000.0
Toyota Tacoma 2010 Black,Toyota,Tacoma,2010,Foreign Used,Automatic,18050000.0
Toyota Sequoia Limited 4dr SUV (5.7L 8cyl 6A) 2012 Gray,Toyota,Sequoia Limited,2012,Foreign Used,Automatic,16200000.0
Toyota Tacoma 2010 Silver,Toyota,Tacoma,2010,Foreign Used,Automatic,18000000.0
Toyota Tacoma 2010 Black,Toyota,Tacoma,2010,Foreign Used,Automatic,18000000.0
Acura MDX 2011 Black,Acura,MDX,2011,Foreign Used,Automatic,10100000.0
Toyota Sequoia Limited 4dr SUV (4.7L 8cyl 5A) 2007 Black,Toyota,Sequoia Limited,2007,Foreign Used,Automatic,12500000.0
Toyota Camry XSE V6 4dr Sedan (3.5L 6cyl 6A) 2016 Black,Toyota,Camry XSE,2016,Foreign Used,Automatic,13000000.0
Acura MDX Advance Package SUV AWD (3.7L 6cyl 6A) 2012 Gray,Acura,MDX Advance,2012,Foreign Used,Automatic,9200000.0
Toyota Sequoia 2013 Black,Toyota,Sequoia,2013,Foreign Used,Automatic,20000000.0
Toyota Sequoia Platinum 4x4 2018 Black,Toyota,Sequoia Platinum,2018,Foreign Used,Automatic,25000000.0
Toyota Highlander Limited 2010 Black,Toyota,Highlander Limited,2010,Foreign Used,Automatic,12000000.0
Lexus RX 350 AWD 2015 Black,Lexus,RX 350,2015,Foreign Used,Automatic,20000000.0
Acura MDX 2016 White,Acura,MDX,2016,Foreign Used,Automatic,15300000.0
Acura MDX 4dr SUV (3.5L 6cyl 6A) 2015 Black,Acura,MDX 4dr,2015,Foreign Used,Automatic,13000000.0
Acura ILX 2015 Gray,Acura,ILX,2015,Foreign Used,Automatic,10000000.0
Lexus ES 350 FWD 2015 Gold,Lexus,ES 350,2015,Foreign Used,Automatic,18000000.0
Acura MDX 2009 Brown,Acura,MDX,2009,Foreign Used,Automatic,8000000.0
Acura RDX 2015 Black,Acura,RDX,2015,Foreign Used,Automatic,13000000.0
Acura MDX 2014 Silver,Acura,MDX,2014,Foreign Used,Automatic,13200000.0
Toyota Sequoia Limited 4dr SUV (5.7L 8cyl 6A) 2012,Toyota,Sequoia Limited,2012,Foreign Used,Automatic,16000000.0
Acura MDX 2011 Black,Acura,MDX,2011,Foreign Used,Automatic,10200000.0
Mercedes-Benz GLK-Class 350 2011 White,Mercedes Benz,GLK-Class 350,2011,Foreign Used,Automatic,19000000.0
Toyota Sequoia SR5 4dr SUV 4WD (5.7L 8cyl 6A) 2015 Black,Toyota,Sequoia SR5,2015,Foreign Used,Automatic,23000000.0
Lexus ES 350 FWD 2015 White,Lexus,ES 350,2015,Foreign Used,Automatic,17000000.0
Toyota Highlander Limited 2010 Gold,Toyota,Highlander Limited,2010,Foreign Used,Automatic,12000000.0
Toyota Highlander Limited 2010 White,Toyota,Highlander Limited,2010,Foreign Used,Automatic,12200000.0
Toyota Highlander Limited 3.5L 2WD 2013 Blue,Toyota,Highlander Limited,2013,Foreign Used,Automatic,15100000.0
Acura MDX 2012 Gray,Acura,MDX,2012,Foreign Used,Automatic,9500000.0
Acura MDX 2012 Blue,Acura,MDX,2012,Foreign Used,Automatic,9500000.0
Acura MDX 2016 Brown,Acura,MDX,2016,Foreign Used,Automatic,15000000.0
Acura MDX 2015 Green,Acura,MDX,2015,Foreign Used,Automatic,13000000.0
Acura MDX 2012 Blue,Acura,MDX,2012,Foreign Used,Automatic,9700000.0
Lexus GX 470 2007 White,Lexus,GX 470,2007,Foreign Used,Automatic,14050000.0
Lexus GX 470 Sport Utility 2007 Gold,Lexus,GX 470,2007,Foreign Used,Automatic,14300000.0
Toyota Sequoia 2012 Black,Toyota,Sequoia,2012,Foreign Used,Automatic,17000000.0
Lexus GX 470 Sport Utility 2007 Gray,Lexus,GX 470,2007,Foreign Used,Automatic,14000000.0
Acura MDX SUV 4dr AWD (3.7 6cyl 5A) 2009 Gray,Acura,MDX SUV,2009,Foreign Used,Automatic,9300000.0
Acura MDX SUV 4dr AWD (3.7L 6cyl 6A) 2011 Silver,Acura,MDX SUV,2011,Foreign Used,Automatic,9300000.0
Toyota Camry 2008 Silver,Toyota,Camry,2008,Foreign Used,Automatic,8000000.0
Toyota Sequoia 2015 Black,Toyota,Sequoia,2015,Foreign Used,Automatic,18200000.0
Toyota Sequoia 2015 Silver,Toyota,Sequoia,2015,Foreign Used,Automatic,18000000.0
Acura MDX Advance Package SUV AWD (3.7L 6cyl 6A) 2011 Black,Acura,MDX Advance,2011,Foreign Used,Automatic,9000000.0
Acura MDX 2012 Red,Acura,MDX,2012,Foreign Used,Automatic,9500000.0
Acura MDX SUV 4dr AWD (3.7L 6cyl 6A) 2011 Gray,Acura,MDX SUV,2011,Foreign Used,Automatic,9300000.0
Acura MDX 2012 Silver,Acura,MDX,2012,Foreign Used,Automatic,9500000.0
Acura MDX 2016 Gray,Acura,MDX,2016,Foreign Used,Automatic,15000000.0
Toyota Tacoma 2010 Silver,Toyota,Tacoma,2010,Foreign Used,Automatic,18000000.0
Toyota Tundra 2020 Brown,Toyota,Tundra,2020,Foreign Used,Automatic,30000000.0
Acura MDX 2011 Red,Acura,MDX,2011,Foreign Used,Automatic,10300000.0
Toyota Highlander Limited 2010 Green,Toyota,Highlander Limited,2010,Foreign Used,Automatic,12000000.0
Toyota Highlander Limited 3.5L 2WD 2013 Brown,Toyota,Highlander Limited,2013,Foreign Used,Automatic,15000000.0
Lexus RX 2015 Black,Lexus,RX,2015,Foreign Used,Automatic,20000000.0
Acura MDX 2008 Green,Acura,MDX,2008,Foreign Used,Automatic,8000000.0
Acura MDX 2015 White,Acura,MDX,2015,Foreign Used,Automatic,13000000.0
Acura MDX 2016 Black,Acura,MDX,2016,Foreign Used,Automatic,15000000.0
Acura MDX SUV 4dr AWD (3.7 6cyl 5A) 2008 Silver,Acura,MDX SUV,2008,Foreign Used,Automatic,9000000.0
Acura MDX 2009 Gray,Acura,MDX,2009,Foreign Used,Automatic,9000000.0
Toyota Sequoia 2007 White,Toyota,Sequoia,2007,Foreign Used,Automatic,12800000.0
Lexus GX 470 Sport Utility 2007 White,Lexus,GX 470,2007,Foreign Used,Automatic,14500000.0
Lexus GX 470 2007 Silver,Lexus,GX 470,2007,Foreign Used,Automatic,14200000.0
Lexus GX 470 2007 Gold,Lexus,GX 470,2007,Foreign Used,Automatic,14250000.0
Toyota Tacoma 2015 Brown,Toyota,Tacoma,2015,Foreign Used,Automatic,21000000.0
Toyota Tacoma 2015 White,Toyota,Tacoma,2015,Foreign Used,Automatic,20000000.0
Acura MDX SH 4dr SUV AWD (3.5L 6cyl 9A) 2016 White,Acura,MDX SH,2016,Foreign Used,Automatic,14000000.0
Toyota Sequoia 2015 Black,Toyota,Sequoia,2015,Foreign Used,Automatic,18000000.0
Toyota Sequoia 2017 Black,Toyota,Sequoia,2017,Foreign Used,Automatic,25000000.0
Toyota Highlander Limited 2010 Red,Toyota,Highlander Limited,2010,Foreign Used,Automatic,12000000.0
Lexus RX 2015 Red,Lexus,RX,2015,Foreign Used,Automatic,20000000.0
Acura MDX 2015 White,Acura,MDX,2015,Foreign Used,Automatic,13000000.0
Acura MDX 2011 White,Acura,MDX,2011,Foreign Used,Automatic,9400000.0
Toyota Camry SE 4dr Sedan (2.4L 4cyl 5A) 2009 Blue,Toyota,Camry SE,2009,Local Used,Automatic,5890000.0
Toyota Camry XLE V6 4dr Sedan (3.5L 6cyl 6A) 2013 Gray,Toyota,Camry XLE,2013,Local Used,Automatic,12300000.0
Toyota Camry 2015 White,Toyota,Camry,2015,Foreign Used,Automatic,17000000.0
Toyota Corolla 1998 Gray,Toyota,Corolla,1998,Local Used,Automatic,3000000.0
Land Rover Range Rover 3.0L Supercharged HSE 2014 White,Land,Rover Range,2014,Local Used,Automatic,22781250.0
Toyota RAV4 2021 Black,Toyota,RAV4,2021,Foreign Used,Automatic,31000000.0
Toyota Sequoia 2009,Toyota,Sequoia,2009,Local Used,Automatic,9200000.0
Acura MDX SH 4dr SUV AWD (3.5L 6cyl 9A) 2016 Red,Acura,MDX SH,2016,Foreign Used,Automatic,14000000.0
Toyota Corolla 2010,Toyota,Corolla,2010,Foreign Used,Automatic,9500000.0
Peugeot 206 2004 Blue,Peugeot,206,2004,Local Used,Automatic,2100000.0
Toyota Camry 2012 Gray,Toyota,Camry,2012,Foreign Used,Automatic,13000000.0
Toyota Highlander Limited V6 2007 Red,Toyota,Highlander Limited,2007,Foreign Used,Automatic,15000000.0
Toyota Tacoma Double Cab V6 Automatic 2011 Silver,Toyota,Tacoma Double,2011,Foreign Used,Automatic,19500000.0
Toyota Camry XLE 4dr Sedan (2.5L 4cyl 6A) 2014 Silver,Toyota,Camry XLE,2014,Foreign Used,Automatic,15000000.0
Toyota Highlander Limited 2010 Silver,Toyota,Highlander Limited,2010,Foreign Used,Automatic,15500000.0
Toyota Highlander Limited V6 2007 Gold,Toyota,Highlander Limited,2007,Foreign Used,Automatic,11750000.0
Acura MDX 2009 Red,Acura,MDX,2009,Foreign Used,Automatic,10000000.0
Honda Accord 2008 Gray,Honda,Accord,2008,Local Used,Automatic,6500000.0
BMW X1 2014 Black,BMW,X1,2014,Foreign Used,Automatic,14200000.0
Toyota Camry 2014 Red,Toyota,Camry,2014,Foreign Used,Automatic,13300000.0
Toyota Corolla 2011 White,Toyota,Corolla,2011,Foreign Used,Automatic,11900000.0
Honda Accord EX-L V-6 4dr Sedan FWD (3.5L 6cyl 6A) 2013 Gray,Honda,Accord EX-L,2013,Local Used,Automatic,8000000.0
Toyota Corolla 2007 Silver,Toyota,Corolla,2007,Local Used,Automatic,6900000.0
Kia Cerato 2012 Silver,Kia,Cerato,2012,Local Used,Automatic,5500000.0
Acura MDX 2016 Green,Acura,MDX,2016,Foreign Used,Automatic,16000000.0
Toyota RAV4 2012 Gray,Toyota,RAV4,2012,Local Used,Automatic,8900000.0
Honda Accord 2009 Silver,Honda,Accord,2009,Local Used,Automatic,6700000.0
Honda CR-V 2013 Green,Honda,CR-V,2013,Local Used,Automatic,10500000.0
BMW 328i 2013 White,BMW,328i,2013,Foreign Used,Automatic,15500000.0
Toyota Highlander Limited 2012 Black,Toyota,Highlander Limited,2012,Foreign Used,Automatic,18500000.0
Lexus ES 350 FWD 2013 Black,Lexus,ES 350,2013,Foreign Used,Automatic,17050000.0
Mercedes-Benz GLA-Class 2018 Black,Mercedes Benz,GLA-Class,2018,Foreign Used,Automatic,28000000.0
Volkswagen Jetta 2013 White,Volkswagen,Jetta,2013,Foreign Used,Automatic,10300000.0
Honda Accord 2010 Gray,Honda,Accord,2010,Local Used,Automatic,6500000.0
Mercedes-Benz C230 2007 Silver,Mercedes Benz,C230,2007,Local Used,Automatic,5100000.0
Toyota Camry XSE FWD 2020 Red,Toyota,Camry XSE,2020,Local Used,Automatic,26500000.0
Mercedes-Benz GLK-Class 2014 Silver,Mercedes Benz,GLK-Class,2014,Foreign Used,Automatic,15200000.0
Mercedes-Benz M Class 2013 Black,Mercedes Benz,M Class,2013,Foreign Used,Automatic,19500000.0
Lexus RX 350 FWD 2012 Red,Lexus,RX 350,2012,Foreign Used,Automatic,16500000.0
Acura MDX 2016 White,Acura,MDX,2016,Foreign Used,Automatic,16000000.0
Toyota Corolla 2010 Gold,Toyota,Corolla,2010,Local Used,Automatic,7500000.0
Honda Accord 2008 Silver,Honda,Accord,2008,Local Used,Automatic,5800000.0
Honda Accord Sport SE 4dr Sedan FWD (2.4L 4cyl 2A) 2017 Blue,Honda,Accord Sport,2017,Foreign Used,Automatic,13500000.0
Honda Accord 2009 Maroon,Honda,Accord,2009,Local Used,Automatic,6100000.0
Toyota Corolla 2018 Black,Toyota,Corolla,2018,Foreign Used,Automatic,16500000.0
Honda CR-V 2012 Burgundy,Honda,CR-V,2012,Local Used,Automatic,9800000.0
Honda Civic EX-T 2dr Coupe (1.5L 4cyl) 2016 Black,Honda,Civic EX-T,2016,Foreign Used,Automatic,16000000.0
Mercedes-Benz E350 2007 Silver,Mercedes Benz,E350,2007,Local Used,Automatic,5200000.0
Hyundai Elantra 2013 Gray,Hyundai,Elantra,2013,Foreign Used,Automatic,10500000.0
Honda Accord 2018 Gray,Honda,Accord,2018,Foreign Used,Automatic,18800000.0
Mercedes-Benz C300 2012 Gray,Mercedes Benz,C300,2012,Local Used,Automatic,8800000.0
Toyota Corolla 2006 Gold,Toyota,Corolla,2006,Local Used,Automatic,6300000.0
Acura MDX Advance Package SUV AWD (3.7L 6cyl 6A) 2011 Gray,Acura,MDX Advance,2011,Local Used,Automatic,7500000.0
Toyota Camry 2009 Green,Toyota,Camry,2009,Foreign Used,Automatic,9200000.0
Lexus ES 350 2009 Black,Lexus,ES 350,2009,Foreign Used,Automatic,11000000.0
Toyota Camry XLE 4dr Sedan (2.5L 4cyl 6A) 2013 Black,Toyota,Camry XLE,2013,Local Used,Automatic,11500000.0
Honda Jazz 2007 Silver,Honda,Jazz,2007,Local Used,Automatic,6500000.0
BMW 528i 2013 Blue,BMW,528i,2013,Foreign Used,Automatic,12800000.0
Peugeot 307 2006 Silver,Peugeot,307,2006,Foreign Used,Manual,5900000.0
Peugeot 307 2007 Red,Peugeot,307,2007,Local Used,Automatic,5000000.0
Audi A5 2010 Black,Audi,A5,2010,Local Used,Automatic,9900000.0
Toyota Matrix 2009 Silver,Toyota,Matrix,2009,Local Used,Automatic,7700000.0
Lexus ES 2014 White,Lexus,ES,2014,Foreign Used,Automatic,16700000.0
Toyota Camry LE 4dr Sedan (2.5L 4cyl 6A) 2011 Green,Toyota,Camry LE,2011,Foreign Used,Automatic,10200000.0
Toyota Avalon Limited Sedan FWD (3.5L 6cyl 6A) 2017 Black,Toyota,Avalon Limited,2017,Foreign Used,Automatic,21500000.0
Toyota Camry SE Sport 4dr Sedan (2.5L 4cyl 6A) 2014 Gray,Toyota,Camry SE,2014,Foreign Used,Automatic,14200000.0
Acura MDX Technology Package SUV AWD (3.7L 6cyl 6A) 2011 Black,Acura,MDX Technology,2011,Foreign Used,Automatic,10800000.0
Toyota 4-Runner 2000 Gray,Toyota,4-Runner,2000,Foreign Used,Automatic,8000000.0
Acura MDX Technology Package SUV AWD (3.7L 6cyl 6A) 2013 Black,Acura,MDX Technology,2013,Foreign Used,Automatic,10500000.0
Toyota Venza 2012 Brown,Toyota,Venza,2012,Foreign Used,Automatic,16000000.0
Hyundai Elantra 2017 White,Hyundai,Elantra,2017,Foreign Used,Automatic,16000000.0
Mercedes-Benz C300 2016 Black,Mercedes Benz,C300,2016,Foreign Used,Automatic,22000000.0
Toyota RAV4 2014 Silver,Toyota,RAV4,2014,Local Used,Automatic,13800000.0
Honda Accord 2005 Silver,Honda,Accord,2005,Local Used,Automatic,3500000.0
Peugeot 307 2008 Silver,Peugeot,307,2008,Foreign Used,Manual,6500000.0
Lexus RX 350 AWD 2009 Silver,Lexus,RX 350,2009,Foreign Used,Automatic,13500000.0
Toyota Highlander 2013 Green,Toyota,Highlander,2013,Foreign Used,Automatic,17150000.0
Lexus RX 350 AWD 2009 Gray,Lexus,RX 350,2009,Foreign Used,Automatic,13200000.0
Toyota RAV4 2009 Blue,Toyota,RAV4,2009,Foreign Used,Automatic,11500000.0
Toyota Camry 2015 Gray,Toyota,Camry,2015,Local Used,Automatic,17592187.0
Toyota Corolla LE 4dr Sedan (1.8L 4cyl 4A) 2013 Gold,Toyota,Corolla LE,2013,Foreign Used,Automatic,13000000.0
Acura MDX 2018 Silver,Acura,MDX,2018,Foreign Used,Automatic,32500000.0
Toyota Venza Limited 4dr Wagon AWD (3.5L 6cyl 6A) 2015 Black,Toyota,Venza Limited,2015,Foreign Used,Automatic,23000000.0
Honda Accord 2014 Black,Honda,Accord,2014,Foreign Used,Automatic,14500000.0
Lexus RX 350 4x4 2009 Silver,Lexus,RX 350,2009,Foreign Used,Automatic,13200000.0
Toyota Corolla 2018 Gray,Toyota,Corolla,2018,Local Used,Automatic,12400000.0
Mitsubishi Outlander 2013 White,Mitsubishi,Outlander,2013,Local Used,Automatic,10000000.0
Toyota Camry 2010 Silver,Toyota,Camry,2010,Local Used,Automatic,7900000.0
Chevrolet Camaro LS 2dr Coupe w/1LS (3.6L 6cyl 6M) 2016 Red,Chevrolet,Camaro LS,2016,Foreign Used,Automatic,25500000.0
Ford Focus 2011 Red,Ford,Focus,2011,Foreign Used,Automatic,11800000.0
Toyota 4-Runner Sport Edition V8 2006 Silver,Toyota,4-Runner Sport,2006,Local Used,Automatic,6800000.0
Toyota Sienna LE AWD 2008 Red,Toyota,Sienna LE,2008,Foreign Used,Automatic,10800000.0
Toyota Highlander Limited 2012 Maroon,Toyota,Highlander Limited,2012,Foreign Used,Automatic,17700000.0
Toyota Highlander Limited V6 4x4 (3.5L 6cyl 6A) 2016 Gold,Toyota,Highlander Limited,2016,Foreign Used,Automatic,28000000.0
Acura MDX Technology Package SUV AWD (3.7L 6cyl 6A) 2013 Gray,Acura,MDX Technology,2013,Foreign Used,Automatic,10700000.0
Toyota Sienna LE AWD 7-Passenger 2013 Gray,Toyota,Sienna LE,2013,Foreign Used,Automatic,18500000.0
Honda Pilot 2014 Brown,Honda,Pilot,2014,Foreign Used,Automatic,15000000.0
Toyota Camry 2013 Gray,Toyota,Camry,2013,Foreign Used,Automatic,15000000.0
Acura MDX Advance Package SUV AWD (3.7L 6cyl 6A) 2013 White,Acura,MDX Advance,2013,Foreign Used,Automatic,9500000.0
Honda City 2011 Gray,Honda,City,2011,Local Used,Automatic,5700000.0
Honda Accord 2012 Silver,Honda,Accord,2012,Local Used,Automatic,6100000.0
Toyota Corolla 2006 Silver,Toyota,Corolla,2006,Local Used,Automatic,5900000.0
Toyota Corolla 2010 Red,Toyota,Corolla,2010,Local Used,Automatic,7500000.0
BMW 328i 2013 Black,BMW,328i,2013,Foreign Used,Automatic,14500000.0
Mercedes-Benz GLK-Class 350 2011 Black,Mercedes Benz,GLK-Class 350,2011,Foreign Used,Automatic,13500000.0
Honda Civic 2015 Gray,Honda,Civic,2015,Foreign Used,Automatic,13000000.0
Mercedes-Benz M Class ML350 4dr SUV (3.5L 6cyl 7A) 2015 White,Mercedes Benz,M Class,2015,Foreign Used,Automatic,26500000.0
Honda Jazz 2005 Black,Honda,Jazz,2005,Foreign Used,Automatic,7800000.0
Toyota Highlander 2006 Silver,Toyota,Highlander,2006,Local Used,Automatic,6500000.0
Mercedes-Benz GLC-Class 2017 Black,Mercedes Benz,GLC-Class,2017,Local Used,Automatic,19500000.0
Lexus ES 350 FWD 2016 Silver,Lexus,ES 350,2016,Foreign Used,Automatic,26500000.0
Toyota RAV4 2018 Silver,Toyota,RAV4,2018,Foreign Used,Automatic,28000000.0
Acura MDX 2012 Black,Acura,MDX,2012,Foreign Used,Automatic,10500000.0
Acura MDX 2009 Silver,Acura,MDX,2009,Foreign Used,Automatic,9500000.0
Toyota Camry LE 4dr Sedan (2.4L 4cyl 5A) 2009 Gold,Toyota,Camry LE,2009,Foreign Used,Automatic,9700000.0
Hyundai Sonata SE Sedan FWD (2.4L 4cyl 6A) 2013 Black,Hyundai,Sonata SE,2013,Local Used,Automatic,6000000.0
Lexus RX 2012 Silver,Lexus,RX,2012,Foreign Used,Automatic,17000000.0
Ford Escape SE 2013 White,Ford,Escape SE,2013,Foreign Used,Automatic,14800000.0
Toyota Highlander Limited 4dr SUV AWD (3.5L 6cyl 6A) 2015 Gray,Toyota,Highlander Limited,2015,Foreign Used,Automatic,28000000.0
Lexus IS 250 2010 White,Lexus,IS 250,2010,Foreign Used,Automatic,10500000.0
Toyota Matrix 2013 Gray,Toyota,Matrix,2013,Foreign Used,Automatic,13200000.0
Honda CR-V 2019 White,Honda,CR-V,2019,Local Used,Automatic,19000000.0
Honda Accord 2009 Gray,Honda,Accord,2009,Local Used,Automatic,5700000.0
Mercedes-Benz GLA 250 2017 Black,Mercedes Benz,GLA 250,2017,Local Used,Automatic,8900000.0
Lexus RX 350 AWD 2015 Black,Lexus,RX 350,2015,Foreign Used,Automatic,24000000.0
Mercedes-Benz C300 Luxury 4dr AWD 4Matic Sedan (2.0L 4cyl 7A) 2015 Blue,Mercedes Benz,C300 Luxury,2015,Foreign Used,Automatic,25000000.0
Honda Pilot 2013 Black,Honda,Pilot,2013,Foreign Used,Automatic,16500000.0
Acura MDX 2008 Silver,Acura,MDX,2008,Foreign Used,Automatic,11000000.0
Acura MDX Technology Package SUV AWD (3.7L 6cyl 6A) 2012 Black,Acura,MDX Technology,2012,Foreign Used,Automatic,10500000.0
Honda CR-V EX-L AWD 2018 Gray,Honda,CR-V EX-L,2018,Foreign Used,Automatic,19000000.0
Chevrolet Camaro 2013 Black,Chevrolet,Camaro,2013,Local Used,Automatic,11900000.0
Honda Accord 2003 Green,Honda,Accord,2003,Local Used,Automatic,3600000.0
Mercedes-Benz C200 2000 Silver,Mercedes Benz,C200,2000,Local Used,Automatic,5100000.0
Honda Accord 2017 Black,Honda,Accord,2017,Foreign Used,Automatic,13900000.0
Toyota Camry XLE 4dr Sedan (2.5L 4cyl 6A) 2011 Green,Toyota,Camry XLE,2011,Foreign Used,Automatic,11200000.0
Toyota 4-Runner Limited 2008 Silver,Toyota,4-Runner Limited,2008,Foreign Used,Automatic,15000000.0
Toyota Highlander XLE V6 4x2 (3.5L 6cyl 6A) 2016 Maroon,Toyota,Highlander XLE,2016,Foreign Used,Automatic,27000000.0
Toyota Camry LE 4dr Sedan w/Prod. End 11/13 (2.5L 4cyl 6A) 2014 Silver,Toyota,Camry LE,2014,Foreign Used,Automatic,13200000.0
Toyota Highlander 2016 Green,Toyota,Highlander,2016,Foreign Used,Automatic,27500000.0
Acura MDX Technology Package SUV AWD (3.7L 6cyl 6A) 2012,Acura,MDX Technology,2012,Foreign Used,Automatic,10700000.0
Toyota RAV4 Limited 4dr SUV AWD (2.5L 4cyl 6A) 2015 Silver,Toyota,RAV4 Limited,2015,Foreign Used,Automatic,22500000.0
Toyota Highlander Limited 3.5l 4WD 2013 Silver,Toyota,Highlander Limited,2013,Foreign Used,Automatic,15000000.0
Honda HR-V 4dr SUV (1.5L 4cyl CVT) 2016 Blue,Honda,HR-V 4dr,2016,Foreign Used,Automatic,17500000.0
Toyota Highlander 2008 Gray,Toyota,Highlander,2008,Local Used,Automatic,11300000.0
Toyota Highlander 2012 Gray,Toyota,Highlander,2012,Local Used,Automatic,11950000.0
Honda Accord 2009 Gold,Honda,Accord,2009,Local Used,Automatic,6100000.0
BMW 3 Series 2017 Blue,BMW,3 Series,2017,Local Used,Automatic,10000000.0
Toyota Corolla 2014 Gray,Toyota,Corolla,2014,Foreign Used,Automatic,11900000.0
Toyota Yaris 2013 Gray,Toyota,Yaris,2013,Foreign Used,Automatic,12500000.0
Mercedes-Benz E350 Base 4Matic Wagon AWD (3.5L 6cyl 5A) 2007 Gold,Mercedes Benz,E350 Base,2007,Local Used,Automatic,6000000.0
Toyota Avalon 2010 Silver,Toyota,Avalon,2010,Local Used,Automatic,5500000.0
Toyota Highlander 2015 Gray,Toyota,Highlander,2015,Foreign Used,Automatic,25500000.0
Toyota Venza Limited 2011 Black,Toyota,Venza Limited,2011,Foreign Used,Automatic,18500000.0
Lexus ES 2016 Silver,Lexus,ES,2016,Foreign Used,Automatic,25000000.0
Acura MDX 2016 Black,Acura,MDX,2016,Foreign Used,Automatic,16700000.0
Acura MDX 2015 Maroon,Acura,MDX,2015,Foreign Used,Automatic,14150000.0
Toyota Corolla 2013 Gray,Toyota,Corolla,2013,Foreign Used,Automatic,12500000.0
Toyota Camry 2009 Red,Toyota,Camry,2009,Foreign Used,Automatic,10600000.0
Acura MDX 2006 Gold,Acura,MDX,2006,Foreign Used,Automatic,6900000.0
Acura MDX Advance Package SUV AWD (3.7L 6cyl 6A) 2013 Black,Acura,MDX Advance,2013,Foreign Used,Automatic,10500000.0
Toyota Camry 2011 Silver,Toyota,Camry,2011,Foreign Used,Automatic,11500000.0
Acura MDX w/Advance Pkg FWD 2018 Red,Acura,MDX w,2018,Foreign Used,Automatic,24000000.0
Acura MDX Advance Package SUV AWD (3.7L 6cyl 6A) 2013 Black,Acura,MDX Advance,2013,Foreign Used,Automatic,9800000.0
Toyota Highlander Limited 2010 Silver,Toyota,Highlander Limited,2010,Foreign Used,Automatic,12000000.0
Ford Edge 2014 Brown,Ford,Edge,2014,Foreign Used,Automatic,15500000.0
Toyota Sienna 2014 White,Toyota,Sienna,2014,Foreign Used,Automatic,21000000.0
Toyota RAV4 2014 Silver,Toyota,RAV4,2014,Local Used,Automatic,14000000.0
Mercedes-Benz C230 2003 Silver,Mercedes Benz,C230,2003,Local Used,Automatic,4300000.0
Toyota Corolla 2018 Gray,Toyota,Corolla,2018,Local Used,Automatic,13330000.0
BMW 3 Series 2004 Silver,BMW,3 Series,2004,Local Used,Automatic,5200000.0
Toyota Corolla S 4dr Sedan (1.8L 4cyl 4A) 2010 Gray,Toyota,Corolla S,2010,Local Used,Automatic,8000000.0
BMW X5 2017 Black,BMW,X5,2017,Local Used,Automatic,24000000.0
Toyota Corolla 2012 Gray,Toyota,Corolla,2012,Foreign Used,Automatic,11200000.0
Ford Edge 2013 Red,Ford,Edge,2013,Local Used,Automatic,5900000.0
Toyota Camry 2018 Silver,Toyota,Camry,2018,Foreign Used,Automatic,27000000.0
Toyota Corolla 2014 Gray,Toyota,Corolla,2014,Local Used,Automatic,10900000.0
Toyota Venza Limited 2011 Red,Toyota,Venza Limited,2011,Foreign Used,Automatic,18200000.0
Acura MDX 2016 Black,Acura,MDX,2016,Foreign Used,Automatic,16200000.0
Lexus ES 350 FWD 2014 Gold,Lexus,ES 350,2014,Foreign Used,Automatic,19000000.0
Lexus IS 250 2008 Silver,Lexus,IS 250,2008,Local Used,Automatic,7500000.0
Toyota Highlander Limited 3.5l 4WD 2013 Red,Toyota,Highlander Limited,2013,Foreign Used,Automatic,15800000.0
Toyota Highlander Limited 3.5l 4WD 2013 Blue,Toyota,Highlander Limited,2013,Foreign Used,Automatic,16000000.0
Toyota RAV4 2014 Black,Toyota,RAV4,2014,Foreign Used,Automatic,23500000.0
Acura MDX Advance & Ent. Pkgs SH-AWD 2020 Black,Acura,MDX Advance,2020,Foreign Used,Automatic,24500000.0
Lexus ES 350 FWD 2015 Gray,Lexus,ES 350,2015,Foreign Used,Automatic,18000000.0
Honda Pilot EX 4dr SUV 4WD (3.5L 6cyl 5A) 2011 Blue,Honda,Pilot EX,2011,Foreign Used,Automatic,13500000.0
Toyota Camry 2010 Black,Toyota,Camry,2010,Foreign Used,Automatic,12000000.0
Honda Accord Sport SE 4dr Sedan FWD (2.4L 4cyl 2A) 2017 Black,Honda,Accord Sport,2017,Foreign Used,Automatic,21500000.0
Toyota C-HR XLE Prermium FWD (2.0L 4cyl 2AM) 2018 Blue,Toyota,C-HR XLE,2018,Foreign Used,Automatic,25000000.0
Hyundai Accent 2015 White,Hyundai,Accent,2015,Foreign Used,Automatic,10500000.0
Toyota Camry 2008 Red,Toyota,Camry,2008,Foreign Used,Automatic,10600000.0
Peugeot 307 2007 Gray,Peugeot,307,2007,Local Used,Automatic,3800000.0
Mercedes-Benz C230 2002 Green,Mercedes Benz,C230,2002,Local Used,Automatic,4700000.0
Kia Sportage 2013 Gray,Kia,Sportage,2013,Local Used,Automatic,8500000.0
Honda Accord 2005 Maroon,Honda,Accord,2005,Local Used,Automatic,3500000.0
Toyota Corolla 2015 Gray,Toyota,Corolla,2015,Foreign Used,Automatic,15800000.0
Toyota Camry SE 4dr Sedan (2.4L 4cyl 5A) 2009 Red,Toyota,Camry SE,2009,Foreign Used,Automatic,9800000.0
Renault Megane Coupe 2000 Black,Renault,Megane Coupe,2000,Local Used,Automatic,4000000.0
Toyota Camry 2013 Gray,Toyota,Camry,2013,Foreign Used,Automatic,15300000.0
Toyota Highlander Limited Platinum V6 4x4 (3.5L 6cyl 6A) 2016 Gray,Toyota,Highlander Limited,2016,Foreign Used,Automatic,26000000.0
Mercedes-Benz C350 C 350 4MATIC AWD 2014 Black,Mercedes Benz,C350 C,2014,Foreign Used,Automatic,16000000.0
Toyota 4-Runner Limited 4X4 2013 Silver,Toyota,4-Runner Limited,2013,Foreign Used,Automatic,35000000.0
Mercedes-Benz GLK-Class 2015 White,Mercedes Benz,GLK-Class,2015,Foreign Used,Automatic,19500000.0
Honda Civic 2007 Gray,Honda,Civic,2007,Local Used,Automatic,4700000.0
Kia Morning 2013 Gray,Kia,Morning,2013,Local Used,Automatic,6900000.0
BMW 328i 2010 Black,BMW,328i,2010,Local Used,Automatic,6350000.0
Honda Accord 2014 Gray,Honda,Accord,2014,Foreign Used,Automatic,13500000.0
Toyota Avalon Limited 4dr Sedan (3.5L 6cyl 6A) 2014 Black,Toyota,Avalon Limited,2014,Foreign Used,Automatic,19000000.0
Lexus ES 350 FWD 2018 Black,Lexus,ES 350,2018,Foreign Used,Automatic,25500000.0
Hyundai Elantra 2012 Red,Hyundai,Elantra,2012,Foreign Used,Automatic,8000000.0
Honda Crosstour 3.5 FWD 2011 White,Honda,Crosstour 3,2011,Local Used,Automatic,5850000.0
Lexus RX 2016 White,Lexus,RX,2016,Local Used,Automatic,16000000.0
Lexus RX 350 AWD 2009 Black,Lexus,RX 350,2009,Foreign Used,Automatic,14000000.0
Acura MDX Advance Package SUV AWD (3.7L 6cyl 6A) 2013 Gray,Acura,MDX Advance,2013,Foreign Used,Automatic,11000000.0
Toyota Camry 2014 Red,Toyota,Camry,2014,Foreign Used,Automatic,15700000.0
Honda Accord Touring 4dr Sedan FWD (3.5L 6cyl 6A) 2013 Gray,Honda,Accord Touring,2013,Local Used,Automatic,8500000.0
Toyota Sienna 2013 Black,Toyota,Sienna,2013,Local Used,Automatic,10300000.0
Mercedes-Benz GLK-Class 2014 Gray,Mercedes Benz,GLK-Class,2014,Foreign Used,Automatic,18000000.0
Honda CR-V 2012 Gray,Honda,CR-V,2012,Local Used,Automatic,10500000.0
Peugeot 406 2004 Silver,Peugeot,406,2004,Local Used,Manual,3200000.0
Honda Accord Touring 4dr Sedan FWD (3.5L 6cyl 6A) 2016 Maroon,Honda,Accord Touring,2016,Local Used,Automatic,10000000.0
Honda Accord EX-L 4dr Sedan w/Navigation (2.4L 4cyl CVT) 2014 White,Honda,Accord EX-L,2014,Foreign Used,Automatic,12500000.0
Peugeot 307 2007 Silver,Peugeot,307,2007,Local Used,Automatic,5400000.0
Toyota Camry SE 4dr Sedan w/Prod. End 11/13 (3.5L 6cyl 6A) 2014 Red,Toyota,Camry SE,2014,Foreign Used,Automatic,15000000.0
Toyota Camry 2009 White,Toyota,Camry,2009,Foreign Used,Automatic,9500000.0
Toyota Sienna XLE AWD 7-Passenger 2013 Gray,Toyota,Sienna XLE,2013,Foreign Used,Automatic,20000000.0
Toyota Highlander Limited 4x4 2008 Black,Toyota,Highlander Limited,2008,Foreign Used,Automatic,12500000.0
Toyota RAV4 2015 White,Toyota,RAV4,2015,Foreign Used,Automatic,23500000.0
Lexus ES 350 FWD 2017 Gray,Lexus,ES 350,2017,Foreign Used,Automatic,24000000.0
Toyota Highlander Limited 3.5l 4WD 2013 Brown,Toyota,Highlander Limited,2013,Foreign Used,Automatic,15500000.0
Ford Explorer 2017 Red,Ford,Explorer,2017,Local Used,Automatic,11000000.0
Toyota Sienna 2014 White,Toyota,Sienna,2014,Local Used,Automatic,11300000.0
Kia Cerato 2010 Silver,Kia,Cerato,2010,Local Used,Automatic,5200000.0
Honda Civic 2004 Silver,Honda,Civic,2004,Local Used,Automatic,3500000.0
Honda Accord Sport 4dr Sedan FWD (2.4L 4cyl 2A) 2016 White,Honda,Accord Sport,2016,Foreign Used,Automatic,14000000.0
Peugeot 406 2004 Silver,Peugeot,406,2004,Local Used,Manual,5300000.0
Honda Accord 2010 Silver,Honda,Accord,2010,Local Used,Automatic,6300000.0
Honda Accord 2008 Maroon,Honda,Accord,2008,Local Used,Automatic,6500000.0
Honda Accord 2018 White,Honda,Accord,2018,Local Used,Automatic,16000000.0
Acura MDX 2012 White,Acura,MDX,2012,Foreign Used,Automatic,10600000.0
Acura MDX 2009 Burgundy,Acura,MDX,2009,Foreign Used,Automatic,9500000.0
Toyota Camry SE 4dr Sedan (2.5L 4cyl 6A) 2011 Gray,Toyota,Camry SE,2011,Foreign Used,Automatic,11000000.0
Mercedes-Benz C300 2008 White,Mercedes Benz,C300,2008,Foreign Used,Automatic,12500000.0
Mercedes-Benz C300 2013 Black,Mercedes Benz,C300,2013,Foreign Used,Automatic,15500000.0
Acura MDX Advance Package SUV AWD (3.7L 6cyl 6A) 2013 Black,Acura,MDX Advance,2013,Foreign Used,Automatic,10000000.0
Toyota Previa 2.0 D-4D Sol 2005 Blue,Toyota,Previa 2,2005,Foreign Used,Automatic,13000000.0
Toyota Camry XLE V6 FWD 2020 Blue,Toyota,Camry XLE,2020,Foreign Used,Automatic,29500000.0
Acura MDX Advance Package SUV AWD (3.7L 6cyl 6A) 2013 Black,Acura,MDX Advance,2013,Foreign Used,Automatic,9700000.0
Acura MDX Technology Package SUV AWD (3.7L 6cyl 6A) 2011 White,Acura,MDX Technology,2011,Foreign Used,Automatic,10500000.0
Acura MDX SUV 4dr AWD (3.7 6cyl 5A) 2008 Silver,Acura,MDX SUV,2008,Foreign Used,Automatic,9300000.0
Toyota Highlander Limited Platinum 4dr SUV (3.5L 6cyl 6A) 2015 Black,Toyota,Highlander Limited,2015,Foreign Used,Automatic,26500000.0
Acura MDX Advance Package SUV AWD (3.7L 6cyl 6A) 2013 White,Acura,MDX Advance,2013,Foreign Used,Automatic,10700000.0
Toyota Camry LE 4dr Sedan (2.4L 4cyl 5A) 2009 Green,Toyota,Camry LE,2009,Foreign Used,Automatic,9800000.0
Honda Accord 2011 Silver,Honda,Accord,2011,Local Used,Automatic,6500000.0
Hyundai Elantra 2014 Black,Hyundai,Elantra,2014,Foreign Used,Automatic,11500000.0
Honda Accord 2013 Gray,Honda,Accord,2013,Foreign Used,Automatic,13500000.0
Peugeot 307 2007 Silver,Peugeot,307,2007,Local Used,Automatic,5700000.0
Toyota Venza XLE 4dr Wagon AWD (3.5L 6cyl 6A) 2015 Black,Toyota,Venza XLE,2015,Foreign Used,Automatic,20000000.0
Toyota Camry 2006 Gray,Toyota,Camry,2006,Local Used,Automatic,4500000.0
Toyota Camry 2010 Gold,Toyota,Camry,2010,Local Used,Automatic,6200000.0
Toyota Yaris 2007 Blue,Toyota,Yaris,2007,Local Used,Automatic,4600000.0
Toyota Avensis 2007 Silver,Toyota,Avensis,2007,Local Used,Manual,3000000.0
Toyota Highlander Limited 2012 Gray,Toyota,Highlander Limited,2012,Foreign Used,Automatic,17700000.0
Lexus ES 350 2011 Black,Lexus,ES 350,2011,Foreign Used,Automatic,12000000.0
Acura MDX Advance Package SUV AWD (3.7L 6cyl 6A) 2012 Black,Acura,MDX Advance,2012,Foreign Used,Automatic,9850000.0
Toyota Camry 2.4 SE Automatic 2008 Gray,Toyota,Camry 2,2008,Foreign Used,Automatic,10500000.0
Acura MDX Technology Package AWD (3.7L 6cyl 5A) 2009 White,Acura,MDX Technology,2009,Foreign Used,Automatic,9500000.0
Acura MDX 2015 Gray,Acura,MDX,2015,Foreign Used,Automatic,16500000.0
Toyota Corolla LE 4dr Sedan (1.8L 4cyl CVT) 2015 Red,Toyota,Corolla LE,2015,Foreign Used,Automatic,15000000.0
Lexus ES 350 FWD 2015 White,Lexus,ES 350,2015,Foreign Used,Automatic,18500000.0
Acura MDX Advance Package SUV AWD (3.7L 6cyl 6A) 2013 White,Acura,MDX Advance,2013,Foreign Used,Automatic,10500000.0
Toyota Yaris 2007 Black,Toyota,Yaris,2007,Local Used,Automatic,5500000.0
Kia Morning 2010 Silver,Kia,Morning,2010,Local Used,Automatic,4800000.0
Nissan Sentra 2016 Blue,Nissan,Sentra,2016,Local Used,Automatic,7300000.0
Toyota Camry 2016 Black,Toyota,Camry,2016,Foreign Used,Automatic,14000000.0
Honda Accord 2018 Gray,Honda,Accord,2018,Local Used,Automatic,15800000.0
Mercedes-Benz E350 2014 Black,Mercedes Benz,E350,2014,Foreign Used,Automatic,15000000.0
Toyota Venza Limited 2016 Black,Toyota,Venza Limited,2016,Foreign Used,Automatic,23000000.0
Lexus ES 350 2009 Red,Lexus,ES 350,2009,Foreign Used,Automatic,9500000.0
Hyundai Avante 2013 White,Hyundai,Avante,2013,Foreign Used,Automatic,12500000.0
Toyota Highlander 2013 Black,Toyota,Highlander,2013,Foreign Used,Automatic,20000000.0
Toyota Camry SE Sport 4dr Sedan (2.5L 4cyl 6A) 2014 Silver,Toyota,Camry SE,2014,Foreign Used,Automatic,14000000.0
Lexus RX 350 F Sport AWD 2015 Black,Lexus,RX 350,2015,Foreign Used,Automatic,23000000.0
Toyota RAV4 2.5 Limited 4x4 2011 White,Toyota,RAV4 2,2011,Foreign Used,Automatic,15800000.0
Toyota Camry 2009 Gray,Toyota,Camry,2009,Foreign Used,Automatic,11000000.0
Toyota Sienna XLE Limited 2007 Gold,Toyota,Sienna XLE,2007,Foreign Used,Automatic,14000000.0
Honda Accord 2017 Gray,Honda,Accord,2017,Foreign Used,Automatic,24000000.0
Toyota Avalon Limited 4dr Sedan (3.5L 6cyl 6A) 2014 White,Toyota,Avalon Limited,2014,Foreign Used,Automatic,16500000.0
Toyota RAV4 2.5 Limited 4x4 2012 Gray,Toyota,RAV4 2,2012,Foreign Used,Automatic,16400000.0
Toyota Avensis 1.8 C Combi 2005 Silver,Toyota,Avensis 1,2005,Foreign Used,Automatic,12000000.0
Honda Civic 2016 Gray,Honda,Civic,2016,Local Used,Automatic,12100000.0
Mercedes-Benz C230 2007 Silver,Mercedes Benz,C230,2007,Local Used,Automatic,5950000.0
Honda Accord 2009 Maroon,Honda,Accord,2009,Foreign Used,Automatic,9200000.0
Honda Civic 2015 Black,Honda,Civic,2015,Foreign Used,Automatic,10500000.0
Peugeot 206 2004 Green,Peugeot,206,2004,Local Used,Automatic,3300000.0
Peugeot 406 2004 Gold,Peugeot,406,2004,Local Used,Manual,5600000.0
Acura MDX 2015 Red,Acura,MDX,2015,Foreign Used,Automatic,14000000.0
Lexus ES 350 2011 White,Lexus,ES 350,2011,Foreign Used,Automatic,13000000.0
Toyota Camry LE V6 4dr Sedan (3.5L 6cyl 6AM) 2009 Blue,Toyota,Camry LE,2009,Foreign Used,Automatic,9500000.0
Toyota Venza Limited AWD V6 2013 Gray,Toyota,Venza Limited,2013,Foreign Used,Automatic,16000000.0
Acura MDX 2006 Black,Acura,MDX,2006,Foreign Used,Automatic,7500000.0
Honda Accord 2017 White,Honda,Accord,2017,Foreign Used,Automatic,26000000.0
Acura MDX SH-AWD 4dr SUV AWD (3.5L 6cyl 6A) 2015 Green,Acura,MDX SH-AWD,2015,Foreign Used,Automatic,13500000.0
Peugeot 508 2015 Black,Peugeot,508,2015,Local Used,Automatic,8200000.0
BMW 3 Series 2007 White,BMW,3 Series,2007,Local Used,Automatic,6000000.0
Honda Accord 2014 Maroon,Honda,Accord,2014,Foreign Used,Automatic,12000000.0
Pontiac Vibe Automatic 2004 Black,Pontiac,Vibe Automatic,2004,Foreign Used,Automatic,8200000.0
Honda Accord 2012 Black,Honda,Accord,2012,Local Used,Automatic,6200000.0
BMW X6 2014 Black,BMW,X6,2014,Local Used,Automatic,13800000.0
Acura MDX 2012 Silver,Acura,MDX,2012,Foreign Used,Automatic,10735000.0
Toyota Camry 2017 Black,Toyota,Camry,2017,Foreign Used,Automatic,17700000.0
Lexus RX 330 2006,Lexus,RX 330,2006,Foreign Used,Automatic,12300000.0
Toyota Venza 2011 Brown,Toyota,Venza,2011,Local Used,Automatic,10500000.0
Toyota Camry 2012 Gold,Toyota,Camry,2012,Foreign Used,Automatic,11800000.0
Toyota RAV4 2.5 Limited 2012 Red,Toyota,RAV4 2,2012,Foreign Used,Automatic,16800000.0
Lexus RX 350 AWD 2013 Black,Lexus,RX 350,2013,Local Used,Automatic,18800000.0
Lexus GX 460 Premium 2012 Gold,Lexus,GX 460,2012,Foreign Used,Automatic,27500000.0
Toyota Camry 2013 Silver,Toyota,Camry,2013,Foreign Used,Automatic,14500000.0
Honda Crosstour 3.5 AWD 2013 Black,Honda,Crosstour 3,2013,Foreign Used,Automatic,14500000.0
Toyota Highlander Limited 4dr SUV AWD (3.5L 6cyl 6A) 2015 Black,Toyota,Highlander Limited,2015,Foreign Used,Automatic,24500000.0
Hyundai Elantra 2020 Gray,Hyundai,Elantra,2020,Foreign Used,Automatic,17000000.0
Honda Accord 2009 White,Honda,Accord,2009,Local Used,Automatic,6400000.0
Chevrolet Sonic 2017 Orange,Chevrolet,Sonic,2017,Foreign Used,Automatic,14000000.0
BMW 328i 2011 Blue,BMW,328i,2011,Foreign Used,Automatic,11900000.0
Toyota Camry 2016 Silver,Toyota,Camry,2016,Local Used,Automatic,10300000.0
Volkswagen Jetta 2013 White,Volkswagen,Jetta,2013,Local Used,Automatic,6900000.0
Lexus RX 350 AWD 2009 Black,Lexus,RX 350,2009,Foreign Used,Automatic,13500000.0
Toyota Camry 2011 Black,Toyota,Camry,2011,Foreign Used,Automatic,10700000.0
Toyota RAV4 Limited 4dr SUV AWD (2.5L 4cyl 6A) 2014 Gray,Toyota,RAV4 Limited,2014,Foreign Used,Automatic,22100000.0
Toyota Avensis 2.2 D-Cat Combi 2006 Black,Toyota,Avensis 2,2006,Foreign Used,Automatic,11500000.0
Toyota Corolla 2012 Black,Toyota,Corolla,2012,Foreign Used,Automatic,13000000.0
Acura MDX Technology Package SUV AWD (3.7L 6cyl 6A) 2012 Blue,Acura,MDX Technology,2012,Foreign Used,Automatic,10500000.0
Toyota Camry 2011 Green,Toyota,Camry,2011,Foreign Used,Automatic,12000000.0
Acura MDX Technology Package SUV AWD (3.7L 6cyl 6A) 2012 Silver,Acura,MDX Technology,2012,Foreign Used,Automatic,10500000.0
Acura MDX Advance Package SUV AWD (3.7L 6cyl 6A) 2012 Gray,Acura,MDX Advance,2012,Foreign Used,Automatic,9500000.0
Toyota Camry 2016 Red,Toyota,Camry,2016,Foreign Used,Automatic,22000000.0
Toyota Sienna XLE Limited AWD 2005 Gray,Toyota,Sienna XLE,2005,Foreign Used,Automatic,11000000.0
Ford Edge SEL 4dr AWD 2017 Black,Ford,Edge SEL,2017,Foreign Used,Automatic,18000000.0
Kia Morning 2012 Black,Kia,Morning,2012,Foreign Used,Automatic,8000000.0
Honda Civic 2010 Gray,Honda,Civic,2010,Local Used,Automatic,5950000.0
Toyota Camry 2015 Black,Toyota,Camry,2015,Local Used,Automatic,11300000.0
Honda Accord 2010 Gray,Honda,Accord,2010,Local Used,Automatic,6100000.0
Lexus RX 2014 Silver,Lexus,RX,2014,Foreign Used,Automatic,23500000.0
Toyota Highlander 2010 Silver,Toyota,Highlander,2010,Foreign Used,Automatic,13300000.0
Toyota Highlander 2013 Gray,Toyota,Highlander,2013,Foreign Used,Automatic,16500000.0
Acura MDX Technology Package SUV AWD (3.7L 6cyl 6A) 2013 Black,Acura,MDX Technology,2013,Foreign Used,Automatic,10500000.0
Toyota Camry 2012 Green,Toyota,Camry,2012,Foreign Used,Automatic,15500000.0
Toyota RAV4 Limited 4dr SUV AWD (2.5L 4cyl 6A) 2018 Black,Toyota,RAV4 Limited,2018,Foreign Used,Automatic,34000000.0
Lexus ES 350 2012 White,Lexus,ES 350,2012,Foreign Used,Automatic,13500000.0
Toyota Avalon XLE Premium 4dr Sedan (3.5L 6cyl 6A) 2014 Black,Toyota,Avalon XLE,2014,Foreign Used,Automatic,17000000.0
Acura MDX Technology Package SUV AWD (3.7L 6cyl 6A) 2013 Black,Acura,MDX Technology,2013,Foreign Used,Automatic,10600000.0
Lexus ES 300 2005 Silver,Lexus,ES 300,2005,Local Used,Automatic,6000000.0
Honda Accord EX-L V-6 4dr Sedan w/Navigation (3.5L 6cyl 6A) 2014 Blue,Honda,Accord EX-L,2014,Foreign Used,Automatic,13800000.0
Mercedes-Benz E350 2008 Black,Mercedes Benz,E350,2008,Foreign Used,Automatic,11600000.0
Peugeot 407 2007 Black,Peugeot,407,2007,Local Used,Automatic,4200000.0
Toyota Yaris 2008 White,Toyota,Yaris,2008,Local Used,Automatic,5800000.0
Mercedes-Benz C200 2003 Black,Mercedes Benz,C200,2003,Local Used,Automatic,4850000.0
Mercedes-Benz GLK-Class 2014 White,Mercedes Benz,GLK-Class,2014,Local Used,Automatic,11800000.0
Ford Edge SEL 4dr SUV AWD (2.0L 4cyl Turbo 6A) 2015 Black,Ford,Edge SEL,2015,Foreign Used,Automatic,17000000.0
Toyota RAV4 2015 Gray,Toyota,RAV4,2015,Foreign Used,Automatic,19000000.0
Toyota Camry 2011 Gray,Toyota,Camry,2011,Foreign Used,Automatic,10800000.0
Toyota RAV4 2.4 2008 Green,Toyota,RAV4 2,2008,Local Used,Automatic,8000000.0
Lexus ES 2006 Blue,Lexus,ES,2006,Local Used,Automatic,5000000.0
Lexus RX 330 4WD 2005 Silver,Lexus,RX 330,2005,Foreign Used,Automatic,12600000.0
Toyota RAV4 Limited 2008 Red,Toyota,RAV4 Limited,2008,Foreign Used,Automatic,12000000.0
Lexus GX 470 2007 Gold,Lexus,GX 470,2007,Foreign Used,Automatic,15000000.0
Toyota FJ Cruiser 2015 White,Toyota,FJ Cruiser,2015,Foreign Used,Automatic,31000000.0
Honda Accord EX-L 4dr Sedan (2.4L 4cyl CVT) 2015 Gray,Honda,Accord EX-L,2015,Foreign Used,Automatic,12900000.0
Toyota Corolla 2004 Silver,Toyota,Corolla,2004,Local Used,Automatic,5500000.0
Toyota Matrix 2009 Orange,Toyota,Matrix,2009,Local Used,Automatic,8200000.0
Mercedes-Benz C230 1998 Gold,Mercedes Benz,C230,1998,Local Used,Automatic,4700000.0
Honda Accord Touring V6 4dr Sedan FWD (3.5L 6cyl 6A) 2017 Black,Honda,Accord Touring,2017,Foreign Used,Automatic,17500000.0
Honda Civic 2017 Gray,Honda,Civic,2017,Foreign Used,Automatic,14800000.0
Honda Accord 2017 White,Honda,Accord,2017,Local Used,Automatic,10900000.0
Ford Escape 2016 Maroon,Ford,Escape,2016,Foreign Used,Automatic,13900000.0
Dongfeng Captain 2025 White,Dongfeng,Captain,2025,Foreign Used,Automatic,27500000.0
Toyota Corolla 2012 Silver,Toyota,Corolla,2012,Local Used,Automatic,8900000.0
Mercedes-Benz GLC-Class 2018 White,Mercedes Benz,GLC-Class,2018,Local Used,Automatic,19000000.0
Toyota Tacoma Double Cab 4x2 PreRunner 4.0L V6 5-Speed Automatic 2013,Toyota,Tacoma Double,2013,Local Used,Automatic,14000000.0
Mercedes-Benz GLK-Class 350 2010 Black,Mercedes Benz,GLK-Class 350,2010,Local Used,Automatic,7300000.0
Acura MDX Technology Package AWD (3.7L 6cyl 5A) 2009 Black,Acura,MDX Technology,2009,Foreign Used,Automatic,9900000.0
Acura MDX 2008 Red,Acura,MDX,2008,Foreign Used,Automatic,9500000.0
Honda Accord EX-L V-6 2dr Coupe (3.5L 6cyl 6A) 2015 Silver,Honda,Accord EX-L,2015,Foreign Used,Automatic,16500000.0
Lexus RX 350 AWD 2014 Black,Lexus,RX 350,2014,Foreign Used,Automatic,19000000.0
Toyota Camry 2010 Silver,Toyota,Camry,2010,Foreign Used,Automatic,12000000.0
Mercedes-Benz C300 2014 Blue,Mercedes Benz,C300,2014,Local Used,Automatic,10300000.0
Peugeot 307 2007 Blue,Peugeot,307,2007,Local Used,Automatic,4300000.0
Acura MDX 2012 Black,Acura,MDX,2012,Foreign Used,Automatic,10500000.0
Lexus RX 350 AWD 2009 Silver,Lexus,RX 350,2009,Foreign Used,Automatic,13700000.0
Lexus RX 2010 Gray,Lexus,RX,2010,Local Used,Automatic,13420000.0
Toyota Corolla 2007 Blue,Toyota,Corolla,2007,Foreign Used,Automatic,11000000.0
Toyota Camry 2014 Black,Toyota,Camry,2014,Foreign Used,Automatic,15600000.0
Honda Accord 2017 Red,Honda,Accord,2017,Foreign Used,Automatic,16700000.0
Honda Accord 2012 Maroon,Honda,Accord,2012,Local Used,Automatic,6950000.0
Honda Accord LX 4dr Sedan FWD (2.4L 4cyl 2A) 2017 Black,Honda,Accord LX,2017,Foreign Used,Automatic,14500000.0
Honda Accord Sedan EX-L 2010 Gray,Honda,Accord Sedan,2010,Local Used,Automatic,6000000.0
Mercedes-Benz C450 2016 Red,Mercedes Benz,C450,2016,Foreign Used,Automatic,35000000.0
Toyota Camry 2009 Silver,Toyota,Camry,2009,Foreign Used,Automatic,9500000.0
Lexus RX 2002 Black,Lexus,RX,2002,Local Used,Automatic,4000000.0
Toyota Highlander 2001 Red,Toyota,Highlander,2001,Local Used,Automatic,3300000.0
Acura MDX Advance Package SUV AWD (3.7L 6cyl 6A) 2013 Black,Acura,MDX Advance,2013,Foreign Used,Automatic,10500000.0
Toyota Camry SE 4dr Sedan (2.5L 4cyl 6A) 2013 Black,Toyota,Camry SE,2013,Foreign Used,Automatic,14000000.0
Lexus RX 350 AWD 2015 Gray,Lexus,RX 350,2015,Foreign Used,Automatic,22500000.0
Lexus ES 350 FWD 2015 Black,Lexus,ES 350,2015,Foreign Used,Automatic,18300000.0
Lexus IS 250 2008 Silver,Lexus,IS 250,2008,Foreign Used,Automatic,10000000.0
Toyota Camry SE 4dr Sedan (2.4L 4cyl 5A) 2009 Black,Toyota,Camry SE,2009,Foreign Used,Automatic,11000000.0
Acura MDX 2015 Red,Acura,MDX,2015,Foreign Used,Automatic,14200000.0
Honda Crosstour 2011 Black,Honda,Crosstour,2011,Local Used,Automatic,7300000.0
Honda Civic 2018 Gray,Honda,Civic,2018,Foreign Used,Automatic,15000000.0
Peugeot 206 2004 Black,Peugeot,206,2004,Local Used,Automatic,2950000.0
BMW 528i 2012 White,BMW,528i,2012,Foreign Used,Automatic,17500000.0
Toyota Corolla 2016 Gray,Toyota,Corolla,2016,Foreign Used,Automatic,12800000.0
Honda Accord 2018 Gray,Honda,Accord,2018,Foreign Used,Automatic,22500000.0
Honda Accord EX-L V-6 2dr Coupe (3.5L 6cyl 6M) 2014 White,Honda,Accord EX-L,2014,Foreign Used,Automatic,12500000.0
BMW 328i 2010 Black,BMW,328i,2010,Local Used,Automatic,6500000.0
Honda CR-V 2016 Maroon,Honda,CR-V,2016,Local Used,Automatic,11500000.0
Lexus ES 350 2009 White,Lexus,ES 350,2009,Local Used,Automatic,7800000.0
Toyota RAV4 2008 Red,Toyota,RAV4,2008,Local Used,Automatic,4300000.0
Lexus ES 2017 Black,Lexus,ES,2017,Foreign Used,Automatic,25000000.0
Toyota Camry XSE V6 4dr Sedan (3.5L 6cyl 6A) 2016 Black,Toyota,Camry XSE,2016,Foreign Used,Automatic,18500000.0
Toyota Venza Limited AWD V6 2013 Black,Toyota,Venza Limited,2013,Foreign Used,Automatic,16000000.0
Toyota Vellfire 2015 Black,Toyota,Vellfire,2015,Foreign Used,Automatic,18000000.0
Mercedes-Benz CLS 2018 Black,Mercedes Benz,CLS,2018,Foreign Used,Automatic,33000000.0
Acura MDX Technology Package SUV AWD (3.7L 6cyl 6A) 2013 Black,Acura,MDX Technology,2013,Foreign Used,Automatic,11500000.0
Hyundai Elantra 2015 Gray,Hyundai,Elantra,2015,Local Used,Automatic,11200000.0
Toyota Camry XLE 4dr Sedan (2.5L 4cyl 6A) 2016 Gray,Toyota,Camry XLE,2016,Foreign Used,Automatic,16500000.0
BMW 530i 2008 White,BMW,530i,2008,Local Used,Automatic,5700000.0
Toyota Highlander 2016 Black,Toyota,Highlander,2016,Local Used,Automatic,21500000.0
Honda Accord EX-L 4dr Sedan FWD (2.4L 4cyl 2A) 2013 Black,Honda,Accord EX-L,2013,Local Used,Automatic,9800000.0
Audi A3 2015 Gray,Audi,A3,2015,Foreign Used,Automatic,12500000.0
Peugeot 206 2004 Blue,Peugeot,206,2004,Local Used,Manual,3900000.0
Honda Civic 2007 Black,Honda,Civic,2007,Local Used,Automatic,4950000.0
Honda Accord 2009 Brown,Honda,Accord,2009,Local Used,Automatic,4800000.0
Lexus GX 2007 Silver,Lexus,GX,2007,Local Used,Automatic,7600000.0
Toyota Highlander Limited 2012 Blue,Toyota,Highlander Limited,2012,Foreign Used,Automatic,17800000.0
Toyota 4-Runner Limited 2008 Gold,Toyota,4-Runner Limited,2008,Foreign Used,Automatic,15000000.0
Toyota Avalon Limited 4dr Sedan (3.5L 6cyl 6A) 2014 Silver,Toyota,Avalon Limited,2014,Local Used,Automatic,12500000.0
Lexus ES 350 FWD 2015 White,Lexus,ES 350,2015,Foreign Used,Automatic,19000000.0
Toyota RAV4 2.5 Limited 4x4 2012 Black,Toyota,RAV4 2,2012,Foreign Used,Automatic,16000000.0
Toyota Corolla LE 2020 Red,Toyota,Corolla LE,2020,Foreign Used,Automatic,27000000.0
Lexus ES 350 FWD 2018 Gray,Lexus,ES 350,2018,Foreign Used,Automatic,26000000.0
Toyota RAV4 2.5 Limited 4x4 2012 Brown,Toyota,RAV4 2,2012,Foreign Used,Automatic,15800000.0
Acura ZDX Base AWD 2013 Silver,Acura,ZDX Base,2013,Foreign Used,Automatic,20000000.0
Toyota Camry 2013 Silver,Toyota,Camry,2013,Foreign Used,Automatic,15400000.0
Peugeot 307 2007 Gray,Peugeot,307,2007,Local Used,Manual,4200000.0
Honda Civic 2014 Maroon,Honda,Civic,2014,Foreign Used,Automatic,11500000.0
Honda Accord 2014 White,Honda,Accord,2014,Foreign Used,Automatic,13500000.0
Honda Accord 2008 Gold,Honda,Accord,2008,Local Used,Automatic,6100000.0
Toyota Camry 2011 Black,Toyota,Camry,2011,Foreign Used,Automatic,18984375.0
Acura MDX 2012 Gray,Acura,MDX,2012,Foreign Used,Automatic,11500000.0
Hyundai Santa Fe 2014 Silver,Hyundai,Santa Fe,2014,Foreign Used,Automatic,14000000.0
Lexus ES 350 2008 Silver,Lexus,ES 350,2008,Foreign Used,Automatic,11000000.0
Honda Accord 2009,Honda,Accord,2009,Local Used,Automatic,4500000.0
Lexus RX 2011 Black,Lexus,RX,2011,Foreign Used,Automatic,18000000.0
Toyota Corolla L 4dr Sedan (1.8L 4cyl 6M) 2015 Silver,Toyota,Corolla L,2015,Foreign Used,Automatic,15300000.0
Toyota Corolla LE 2020 Gray,Toyota,Corolla LE,2020,Foreign Used,Automatic,26500000.0
Toyota RAV4 2.0 4x4 Sol 2005 Blue,Toyota,RAV4 2,2005,Foreign Used,Automatic,10500000.0
Lexus RX 350 AWD 2012 Gray,Lexus,RX 350,2012,Foreign Used,Automatic,18000000.0
Honda Accord 2016 Silver,Honda,Accord,2016,Foreign Used,Automatic,16900000.0
Peugeot 406 2004 Silver,Peugeot,406,2004,Local Used,Manual,4700000.0
Mercedes-Benz C300 2011 Gray,Mercedes Benz,C300,2011,Foreign Used,Automatic,11000000.0
Kia Morning 2012 Silver,Kia,Morning,2012,Foreign Used,Automatic,7500000.0
Hyundai Elantra 2019 White,Hyundai,Elantra,2019,Foreign Used,Automatic,17700000.0
Toyota Camry 2012 Silver,Toyota,Camry,2012,Foreign Used,Automatic,11900000.0
Mercedes-Benz GLK-Class 2009 Black,Mercedes Benz,GLK-Class,2009,Local Used,Automatic,7500000.0
Toyota Highlander Limited 2012 Silver,Toyota,Highlander Limited,2012,Foreign Used,Automatic,17700000.0
Toyota 4-Runner 2009 Black,Toyota,4-Runner,2009,Foreign Used,Automatic,16000000.0
Toyota FJ Cruiser 4x4 Automatic 2012 Red,Toyota,FJ Cruiser,2012,Foreign Used,Automatic,29000000.0
Toyota RAV4 2017 Blue,Toyota,RAV4,2017,Foreign Used,Automatic,26500000.0
Toyota Highlander Limited 3.5L 2WD 2013 Gray,Toyota,Highlander Limited,2013,Foreign Used,Automatic,15200000.0
Toyota Camry 2012 White,Toyota,Camry,2012,Foreign Used,Automatic,15200000.0
Mercedes-Benz C300 Luxury 4Matic Sedan AWD (2.0L 4cyl 7A) 2016 Black,Mercedes Benz,C300 Luxury,2016,Foreign Used,Automatic,26000000.0
Acura MDX Advance Pkg SH-AWD 2019 Silver,Acura,MDX Advance,2019,Foreign Used,Automatic,23000000.0
Peugeot 206 2004 Black,Peugeot,206,2004,Local Used,Manual,3400000.0
Toyota Yaris 2007 Blue,Toyota,Yaris,2007,Local Used,Automatic,7000000.0
BMW 3 Series 2013 Black,BMW,3 Series,2013,Foreign Used,Automatic,16000000.0
Mercedes-Benz C300 2014 Gray,Mercedes Benz,C300,2014,Local Used,Automatic,10000000.0
Lexus RX 350 AWD 2012 Black,Lexus,RX 350,2012,Foreign Used,Automatic,19000000.0
Acura MDX 2010 Black,Acura,MDX,2010,Foreign Used,Automatic,8850000.0
Toyota Camry SE 4dr Sedan (2.5L 4cyl 6A) 2014 Red,Toyota,Camry SE,2014,Foreign Used,Automatic,14500000.0
Toyota Sienna Limited AWD 7-Passenger 2013 Gray,Toyota,Sienna Limited,2013,Foreign Used,Automatic,19500000.0
Mazda CX-9 Sport 4dr SUV AWD (3.7L 6cyl 6A) 2015 Black,Mazda,CX-9 Sport,2015,Foreign Used,Automatic,17500000.0
Toyota Camry 2013 Red,Toyota,Camry,2013,Foreign Used,Automatic,15600000.0
Acura MDX SUV 4dr AWD (3.7L 6cyl 6A) 2010 Black,Acura,MDX SUV,2010,Foreign Used,Automatic,12000000.0
Toyota Venza 2011 Red,Toyota,Venza,2011,Foreign Used,Automatic,12500000.0
Toyota Camry 2009 Green,Toyota,Camry,2009,Local Used,Automatic,7800000.0
Mercedes-Benz E350 2013 White,Mercedes Benz,E350,2013,Foreign Used,Automatic,18000000.0
BMW 3 Series 2013 Black,BMW,3 Series,2013,Local Used,Automatic,10500000.0
Honda Crosstour 2010 White,Honda,Crosstour,2010,Local Used,Automatic,7700000.0
Honda Accord 2020 Black,Honda,Accord,2020,Foreign Used,Automatic,22500000.0
Lexus GS 350 2008 Silver,Lexus,GS 350,2008,Foreign Used,Automatic,6200000.0
Jetour Dashing 2024 Black,Jetour,Dashing,2024,Foreign Used,Automatic,35000000.0
Toyota Camry 2.4 LE 2008 Gray,Toyota,Camry 2,2008,Local Used,Automatic,5000000.0
Toyota Highlander 2006,Toyota,Highlander,2006,Local Used,Automatic,6000000.0
Mercedes-Benz M Class 2015 White,Mercedes Benz,M Class,2015,Foreign Used,Automatic,22000000.0
Lexus ES 350 2008 Silver,Lexus,ES 350,2008,Foreign Used,Automatic,10800000.0
Acura MDX 2016 Maroon,Acura,MDX,2016,Foreign Used,Automatic,15300000.0
Mercedes-Benz M Class ML 350 4Matic 2010 Brown,Mercedes Benz,M Class,2010,Local Used,Automatic,8700000.0
Acura MDX SUV 4dr AWD (3.7L 6cyl 6A) 2013 Gray,Acura,MDX SUV,2013,Foreign Used,Automatic,11500000.0
Lexus ES 350 FWD 2015 White,Lexus,ES 350,2015,Foreign Used,Automatic,18500000.0
Toyota RAV4 2.5 Limited 4x4 2012 Black,Toyota,RAV4 2,2012,Foreign Used,Automatic,22500000.0
Honda Accord 2014 White,Honda,Accord,2014,Foreign Used,Automatic,13800000.0
Toyota Highlander Limited 3.5l 4WD 2013 Blue,Toyota,Highlander Limited,2013,Foreign Used,Automatic,15700000.0
Toyota Camry 2008 Silver,Toyota,Camry,2008,Foreign Used,Automatic,10800000.0
Toyota Highlander Limited Platinum V6 4x4 (3.5L 6cyl 6A) 2016 Red,Toyota,Highlander Limited,2016,Foreign Used,Automatic,26500000.0
Acura MDX Technology Package SUV AWD (3.7L 6cyl 6A) 2013 Gray,Acura,MDX Technology,2013,Foreign Used,Automatic,10500000.0
Volkswagen Passat 2019 Black,Volkswagen,Passat,2019,Foreign Used,Automatic,22000000.0
BMW 328i 2013 White,BMW,328i,2013,Foreign Used,Automatic,13800000.0
Toyota Corolla 2016 White,Toyota,Corolla,2016,Foreign Used,Automatic,13500000.0
Honda Civic 2007 Gray,Honda,Civic,2007,Local Used,Automatic,5000000.0
Honda Accord 2011 White,Honda,Accord,2011,Local Used,Automatic,6300000.0
Toyota RAV4 2014 Gray,Toyota,RAV4,2014,Local Used,Automatic,14500000.0
Toyota Camry 2012 Gray,Toyota,Camry,2012,Local Used,Automatic,10000000.0
Land Rover Range Rover Evoque 2018 White,Land,Rover Range,2018,Local Used,Automatic,13900000.0
Toyota Camry SE 4dr Sedan (2.5L 4cyl 6A) 2011 Silver,Toyota,Camry SE,2011,Foreign Used,Automatic,11700000.0
Toyota RAV4 Limited V6 2008 Blue,Toyota,RAV4 Limited,2008,Foreign Used,Automatic,13000000.0
Acura MDX SUV 4dr AWD (3.7 6cyl 5A) 2008 Black,Acura,MDX SUV,2008,Foreign Used,Automatic,9600000.0
Toyota Camry SE FWD 2020 Black,Toyota,Camry SE,2020,Foreign Used,Automatic,31000000.0
Lexus GX 460 Premium 2013 Silver,Lexus,GX 460,2013,Foreign Used,Automatic,28500000.0
Lexus IS 350 2010 Black,Lexus,IS 350,2010,Foreign Used,Automatic,12500000.0
Hyundai Elantra GT 2013 White,Hyundai,Elantra GT,2013,Foreign Used,Automatic,9800000.0
Peugeot 307 2007 Silver,Peugeot,307,2007,Foreign Used,Automatic,6500000.0
Toyota RAV4 Limited 4dr SUV AWD (2.5L 4cyl 6A) 2015 Silver,Toyota,RAV4 Limited,2015,Foreign Used,Automatic,21500000.0
Acura MDX 2012 Brown,Acura,MDX,2012,Foreign Used,Automatic,10300000.0
Mercedes-Benz C43 4Matic Sedan AWD (3.0L V6 9AM) 2017 White,Mercedes Benz,C43 4Matic,2017,Local Used,Automatic,23000000.0
Acura MDX Technology Package SUV AWD (3.7L 6cyl 6A) 2010 Silver,Acura,MDX Technology,2010,Foreign Used,Automatic,11000000.0
Toyota Previa Automatic 2005 Gray,Toyota,Previa Automatic,2005,Foreign Used,Automatic,14500000.0
Acura MDX Technology Package SUV AWD (3.7L 6cyl 6A) 2013 Black,Acura,MDX Technology,2013,Foreign Used,Automatic,10700000.0
Mazda CX-9 Grand Touring 4dr SUV AWD (3.7L 6cyl 6A) 2015 Red,Mazda,CX-9 Grand,2015,Foreign Used,Automatic,18000000.0
Acura MDX w/Technology & Ent. Pkgs SH-AWD 2017 Silver,Acura,MDX w,2017,Foreign Used,Automatic,15500000.0
Acura MDX Technology Package AWD (3.7 6cyl 5A) 2008 Red,Acura,MDX Technology,2008,Foreign Used,Automatic,9500000.0
Toyota Corolla LE Special Edition 4dr Sedan (1.8L 4cyl 4A) 2013 Silver,Toyota,Corolla LE,2013,Foreign Used,Automatic,13500000.0
Honda Civic 2019 Black,Honda,Civic,2019,Foreign Used,Automatic,14500000.0
Honda Accord Sport 4dr Sedan FWD (2.4L 4cyl 2A) 2017 White,Honda,Accord Sport,2017,Local Used,Automatic,11800000.0
Chevrolet Spark 2016 White,Chevrolet,Spark,2016,Foreign Used,Automatic,10800000.0
Hyundai Tucson 2016 Maroon,Hyundai,Tucson,2016,Foreign Used,Automatic,18500000.0
Chevrolet Sonic LT 2013 Red,Chevrolet,Sonic LT,2013,Foreign Used,Automatic,9300000.0
Hyundai Veloster Automatic 2012 Gray,Hyundai,Veloster Automatic,2012,Local Used,Automatic,6700000.0
Toyota Camry XSE 4dr Sedan (3.5L 6cyl 6A) 2017 Black,Toyota,Camry XSE,2017,Foreign Used,Automatic,17000000.0
Toyota Corolla 2013 Silver,Toyota,Corolla,2013,Foreign Used,Automatic,12500000.0
Lexus RX 350 AWD 2015 Gold,Lexus,RX 350,2015,Foreign Used,Automatic,23000000.0
Acura MDX SUV 4dr AWD (3.7 6cyl 5A) 2008 Gold,Acura,MDX SUV,2008,Local Used,Automatic,8300000.0
Acura MDX 2015 Gray,Acura,MDX,2015,Foreign Used,Automatic,16500000.0
Honda Accord EX 2dr Coupe (2.4L 4cyl CVT) 2015 Gray,Honda,Accord EX,2015,Foreign Used,Automatic,16300000.0
Toyota Camry XLE 4dr Sedan (2.5L 4cyl 6A) 2017 Maroon,Toyota,Camry XLE,2017,Foreign Used,Automatic,17000000.0
Toyota Yaris 2007 Red,Toyota,Yaris,2007,Foreign Used,Automatic,8800000.0
Pontiac Vibe Automatic 2003 Red,Pontiac,Vibe Automatic,2003,Foreign Used,Automatic,5600000.0
Pontiac Vibe 2006 Red,Pontiac,Vibe,2006,Local Used,Automatic,6500000.0
Honda Civic 2007 Maroon,Honda,Civic,2007,Local Used,Automatic,5800000.0
Honda Accord Touring V6 2dr Coupe FWD (3.5L 6cyl 6A) 2017 White,Honda,Accord Touring,2017,Foreign Used,Automatic,15800000.0
Toyota Corolla 2017 Red,Toyota,Corolla,2017,Local Used,Automatic,9900000.0
BMW 328i 2010 Silver,BMW,328i,2010,Local Used,Automatic,6800000.0
Honda HR-V 2017 Gray,Honda,HR-V,2017,Foreign Used,Automatic,16900000.0
Land Rover Range Rover Evoque 2020 Silver,Land,Rover Range,2020,Local Used,Automatic,10000000.0
Toyota Corolla 2020 Gray,Toyota,Corolla,2020,Foreign Used,Automatic,23500000.0
Pontiac Vibe 2007 Black,Pontiac,Vibe,2007,Local Used,Automatic,6700000.0
Honda Civic 2007 Blue,Honda,Civic,2007,Local Used,Automatic,5700000.0
Toyota Highlander Limited V6 2005 Gold,Toyota,Highlander Limited,2005,Local Used,Automatic,6200000.0
Ford Edge 2017 Black,Ford,Edge,2017,Foreign Used,Automatic,13000000.0
Toyota Highlander 2013 Gray,Toyota,Highlander,2013,Foreign Used,Automatic,16500000.0
Acura MDX 2015 Silver,Acura,MDX,2015,Foreign Used,Automatic,14200000.0
Toyota RAV4 2015 Silver,Toyota,RAV4,2015,Foreign Used,Automatic,19000000.0
Lexus RX 350 F Sport AWD 2015 Burgundy,Lexus,RX 350,2015,Foreign Used,Automatic,27500000.0
Honda Pilot EX-L 4x4 (3.5L 6cyl 5A) 2004 Gray,Honda,Pilot EX-L,2004,Local Used,Automatic,4500000.0
Toyota Highlander Limited V6 4x4 (3.5L 6cyl 6A) 2016 Black,Toyota,Highlander Limited,2016,Foreign Used,Automatic,26500000.0
Honda Accord 2017 Silver,Honda,Accord,2017,Foreign Used,Automatic,24500000.0
BMW 328i 2007 Black,BMW,328i,2007,Local Used,Automatic,6400000.0
Honda CR-V 2008 Blue,Honda,CR-V,2008,Local Used,Automatic,5850000.0
Honda Accord 2007 Blue,Honda,Accord,2007,Local Used,Automatic,4500000.0
Mercedes-Benz C300 2013 Black,Mercedes Benz,C300,2013,Foreign Used,Automatic,16500000.0
Honda Civic EX-L 2dr Coupe (1.8L 4cyl CVT) 2014 Silver,Honda,Civic EX-L,2014,Foreign Used,Automatic,10800000.0
Honda Accord 2014 Gray,Honda,Accord,2014,Local Used,Automatic,10500000.0
Mercedes-Benz E350 2015 White,Mercedes Benz,E350,2015,Foreign Used,Automatic,17900000.0
Toyota Camry XLE 4dr Sedan (2.5L 4cyl 6A) 2014 Gray,Toyota,Camry XLE,2014,Foreign Used,Automatic,14800000.0
Toyota Avalon 2017 Black,Toyota,Avalon,2017,Foreign Used,Automatic,22000000.0
Toyota Camry 2009 Red,Toyota,Camry,2009,Foreign Used,Automatic,9500000.0
Lexus ES 350 FWD 2015 Gray,Lexus,ES 350,2015,Foreign Used,Automatic,18300000.0
Toyota Highlander Limited 3.5l 4WD 2013 Gray,Toyota,Highlander Limited,2013,Foreign Used,Automatic,15000000.0
Mercedes-Benz C350 C 350 4MATIC AWD 2014 Silver,Mercedes Benz,C350 C,2014,Foreign Used,Automatic,16500000.0
Acura MDX Technology Package SUV AWD (3.7L 6cyl 6A) 2013 Gray,Acura,MDX Technology,2013,Foreign Used,Automatic,10500000.0
Toyota Sienna Limited AWD 7-Passenger 2013 Gray,Toyota,Sienna Limited,2013,Foreign Used,Automatic,18900000.0
Honda CR-V EX 4dr SUV (2.4L 4cyl 5A) 2012 Blue,Honda,CR-V EX,2012,Foreign Used,Automatic,12000000.0
Acura MDX w/Advance & Ent. Pkgs SH-AWD 2018 Gray,Acura,MDX w,2018,Foreign Used,Automatic,23500000.0
Toyota Highlander 3.5L 4WD 2013 Black,Toyota,Highlander 3,2013,Foreign Used,Automatic,16000000.0
Toyota Corolla 2017 White,Toyota,Corolla,2017,Local Used,Automatic,10800000.0
Honda Accord 2017 Black,Honda,Accord,2017,Foreign Used,Automatic,17500000.0
BMW 328i 2013 Black,BMW,328i,2013,Local Used,Automatic,11500000.0
Toyota Corolla 2015 Black,Toyota,Corolla,2015,Foreign Used,Automatic,12500000.0
Mercedes-Benz C300 2013 Black,Mercedes Benz,C300,2013,Local Used,Automatic,14500000.0
Acura MDX 2015 Black,Acura,MDX,2015,Foreign Used,Automatic,14200000.0
Acura MDX 2012 Gray,Acura,MDX,2012,Foreign Used,Automatic,11500000.0
Toyota Venza 2011 Brown,Toyota,Venza,2011,Foreign Used,Automatic,16700000.0
Toyota Avalon Limited FWD Sedan (3.5L V6 8A) 2019 Gray,Toyota,Avalon Limited,2019,Foreign Used,Automatic,30000000.0
Toyota RAV4 2015 Red,Toyota,RAV4,2015,Foreign Used,Automatic,22000000.0
Acura MDX Technology Package SUV AWD (3.7L 6cyl 6A) 2013 Gray,Acura,MDX Technology,2013,Foreign Used,Automatic,10800000.0
Toyota Camry 2014 Gray,Toyota,Camry,2014,Foreign Used,Automatic,14500000.0
Honda Accord Crosstour EX-L AWD 2013 White,Honda,Accord Crosstour,2013,Foreign Used,Automatic,14000000.0
Mercedes-Benz GLK-Class 350 4MATIC 2011 Black,Mercedes Benz,GLK-Class 350,2011,Foreign Used,Automatic,13800000.0
Toyota Highlander Limited 3.5l 4WD 2013 Black,Toyota,Highlander Limited,2013,Foreign Used,Automatic,15800000.0
Toyota Highlander Limited 3.5l 4WD 2013 Gray,Toyota,Highlander Limited,2013,Foreign Used,Automatic,15500000.0
Chevrolet Sonic 2013 Red,Chevrolet,Sonic,2013,Foreign Used,Automatic,9000000.0
Toyota Camry 2013 Black,Toyota,Camry,2013,Local Used,Automatic,9500000.0
Peugeot 307 2007 Silver,Peugeot,307,2007,Local Used,Automatic,4800000.0
BMW 3 Series 2005 Gray,BMW,3 Series,2005,Local Used,Automatic,6800000.0
Pontiac Vibe 2010 Silver,Pontiac,Vibe,2010,Foreign Used,Automatic,10500000.0
Honda Accord 2008 White,Honda,Accord,2008,Local Used,Automatic,5800000.0
Toyota Camry 2011 Gray,Toyota,Camry,2011,Foreign Used,Automatic,10800000.0
Acura MDX 2014 Blue,Acura,MDX,2014,Foreign Used,Automatic,14000000.0
Toyota Camry 2011 Black,Toyota,Camry,2011,Foreign Used,Automatic,11700000.0
Acura MDX 2015 Green,Acura,MDX,2015,Foreign Used,Automatic,14300000.0
Lexus RX 2011 Black,Lexus,RX,2011,Foreign Used,Automatic,24046875.0
Acura MDX 2016 Silver,Acura,MDX,2016,Foreign Used,Automatic,14500000.0
Acura MDX Technology Package SUV AWD (3.7L 6cyl 6A) 2013 Gray,Acura,MDX Technology,2013,Foreign Used,Automatic,10500000.0
Toyota Matrix 2012 Blue,Toyota,Matrix,2012,Foreign Used,Automatic,13000000.0
Acura MDX Technology Package SUV AWD (3.7L 6cyl 6A) 2011 Black,Acura,MDX Technology,2011,Foreign Used,Automatic,10500000.0
Toyota Highlander Limited 2012 Black,Toyota,Highlander Limited,2012,Foreign Used,Automatic,16500000.0
Acura MDX Advance Package SUV AWD (3.7L 6cyl 6A) 2013 Gray,Acura,MDX Advance,2013,Foreign Used,Automatic,9800000.0
Mercedes-Benz C300 2012 Black,Mercedes Benz,C300,2012,Local Used,Automatic,9500000.0
Toyota Venza 2010 White,Toyota,Venza,2010,Local Used,Automatic,10800000.0
BMW 328i 2013 Brown,BMW,328i,2013,Local Used,Automatic,11500000.0
Mercedes-Benz E350 2011 Black,Mercedes Benz,E350,2011,Local Used,Automatic,9800000.0
Honda CR-V Touring AWD 2019 Gray,Honda,CR-V Touring,2019,Foreign Used,Automatic,23000000.0
Toyota Camry 2016 Silver,Toyota,Camry,2016,Foreign Used,Automatic,14300000.0
Hyundai Accent 2013 White,Hyundai,Accent,2013,Foreign Used,Automatic,9500000.0
Toyota Camry LE 4dr Sedan (2.4L 4cyl 5A) 2009 Gray,Toyota,Camry LE,2009,Foreign Used,Automatic,9500000.0
Acura MDX 2016 Black,Acura,MDX,2016,Foreign Used,Automatic,16000000.0
Toyota Camry 2.4 LE 2008 White,Toyota,Camry 2,2008,Local Used,Automatic,6300000.0
Acura MDX Technology Package SUV AWD (3.7L 6cyl 6A) 2013 Black,Acura,MDX Technology,2013,Foreign Used,Automatic,11300000.0
Toyota Corolla S 4dr Sedan (1.8L 4cyl 4A) 2010 Red,Toyota,Corolla S,2010,Foreign Used,Automatic,11000000.0
Acura MDX 2015 Black,Acura,MDX,2015,Foreign Used,Automatic,14300000.0
Toyota Camry 2013 Gray,Toyota,Camry,2013,Foreign Used,Automatic,15300000.0
Acura MDX Technology Package SUV AWD (3.7L 6cyl 6A) 2013 Brown,Acura,MDX Technology,2013,Foreign Used,Automatic,11000000.0
Acura MDX Advance Package SUV AWD (3.7L 6cyl 6A) 2013 White,Acura,MDX Advance,2013,Foreign Used,Automatic,11500000.0
Toyota Corolla LE 4dr Sedan (1.8L 4cyl 4A) 2010 Black,Toyota,Corolla LE,2010,Foreign Used,Automatic,11000000.0
Honda Civic EX-L 2dr Coupe (1.5L 4cyl) 2017 White,Honda,Civic EX-L,2017,Foreign Used,Automatic,16500000.0
Toyota Avensis 2007 Gray,Toyota,Avensis,2007,Local Used,Automatic,5500000.0
Toyota Corolla S 4dr Sedan (1.8L 4cyl CVT) 2015 Blue,Toyota,Corolla S,2015,Foreign Used,Automatic,14000000.0
Honda Accord EX-L 4dr Sedan FWD (2.4L 4cyl 2A) 2017 Black,Honda,Accord EX-L,2017,Foreign Used,Automatic,15800000.0
Peugeot 206 2006 Gray,Peugeot,206,2006,Foreign Used,Manual,5300000.0
Pontiac Vibe 2008 Gray,Pontiac,Vibe,2008,Local Used,Automatic,6800000.0
Lexus ES 2016 Gold,Lexus,ES,2016,Foreign Used,Automatic,18000000.0
Toyota Highlander 2013 Black,Toyota,Highlander,2013,Foreign Used,Automatic,20000000.0
Acura MDX 2012 Maroon,Acura,MDX,2012,Foreign Used,Automatic,11500000.0
Lexus RX 2014 Burgundy,Lexus,RX,2014,Foreign Used,Automatic,23300000.0
Honda Accord 2015 Silver,Honda,Accord,2015,Foreign Used,Automatic,16500000.0
Acura MDX SUV 4dr AWD (3.7L 6cyl 6A) 2011 White,Acura,MDX SUV,2011,Foreign Used,Automatic,10500000.0
Acura MDX Technology Package AWD (3.7 6cyl 5A) 2008 Gray,Acura,MDX Technology,2008,Foreign Used,Automatic,9500000.0
Honda Pilot 2012 Red,Honda,Pilot,2012,Foreign Used,Automatic,14500000.0
Lexus RX 330 AWD 2006 Silver,Lexus,RX 330,2006,Foreign Used,Automatic,12800000.0
Toyota Corolla LE 4dr Sedan (1.8L 4cyl 4A) 2011 Silver,Toyota,Corolla LE,2011,Foreign Used,Automatic,12000000.0
Acura MDX Advance Package SUV AWD (3.7L 6cyl 6A) 2013 Silver,Acura,MDX Advance,2013,Foreign Used,Automatic,9600000.0
Toyota Camry SE 4dr Sedan (2.4L 4cyl 5A) 2009 Silver,Toyota,Camry SE,2009,Foreign Used,Automatic,11000000.0
Acura MDX Technology Package AWD (3.7 6cyl 5A) 2008 Black,Acura,MDX Technology,2008,Foreign Used,Automatic,9500000.0
Toyota Highlander Limited 2009 Gray,Toyota,Highlander Limited,2009,Foreign Used,Automatic,12500000.0
BMW 5 Series 2013 Black,BMW,5 Series,2013,Local Used,Automatic,12500000.0
Mercedes-Benz C180 2005 Silver,Mercedes Benz,C180,2005,Local Used,Automatic,4300000.0
Mercedes-Benz C300 2008 Silver,Mercedes Benz,C300,2008,Local Used,Automatic,7900000.0
Honda Accord Sport 4dr Sedan (2.4L 4cyl 6M) 2014 Gray,Honda,Accord Sport,2014,Local Used,Automatic,9500000.0
Toyota Corolla S Premium 4dr Sedan (1.8L 4cyl CVT) 2016 White,Toyota,Corolla S,2016,Foreign Used,Automatic,14900000.0
Toyota Corolla 2017 Silver,Toyota,Corolla,2017,Local Used,Automatic,13500000.0
Toyota Solara 2.4 Coupe 2005 White,Toyota,Solara 2,2005,Local Used,Automatic,2600000.0
Toyota Highlander 2006 Gray,Toyota,Highlander,2006,Foreign Used,Automatic,11500000.0
Toyota Camry XLE 4dr Sedan w/Prod. End 11/13 (3.5L 6cyl 6A) 2014 Black,Toyota,Camry XLE,2014,Foreign Used,Automatic,15500000.0
Nissan NV3500 2014 Black,Nissan,NV3500,2014,Local Used,Automatic,13800000.0
Mercedes-Benz C300 Base 4Matic Sedan AWD (2.0L 4cyl 7A) 2016 White,Mercedes Benz,C300 Base,2016,Foreign Used,Automatic,20500000.0
Toyota Highlander Limited V6 2006 Silver,Toyota,Highlander Limited,2006,Foreign Used,Automatic,11000000.0
Lexus ES 350 FWD 2014 Gray,Lexus,ES 350,2014,Foreign Used,Automatic,15000000.0
Toyota Corolla LE 4dr Sedan (1.8L 4cyl 4A) 2013 Blue,Toyota,Corolla LE,2013,Foreign Used,Automatic,12800000.0
Acura MDX Advance Package SUV AWD (3.7L 6cyl 6A) 2013 Brown,Acura,MDX Advance,2013,Foreign Used,Automatic,10000000.0
Acura MDX Technology Package SUV AWD (3.7L 6cyl 6A) 2012 Gray,Acura,MDX Technology,2012,Foreign Used,Automatic,10900000.0
Lexus ES 350 FWD 2015 Black,Lexus,ES 350,2015,Foreign Used,Automatic,22000000.0
Toyota Highlander Limited Platinum 4dr SUV (3.5L 6cyl 6A) 2015 Silver,Toyota,Highlander Limited,2015,Foreign Used,Automatic,24500000.0
Toyota RAV4 SE AWD (2.5L 4cyl 6A) 2017 Brown,Toyota,RAV4 SE,2017,Foreign Used,Automatic,26500000.0
Acura MDX Technology Package SUV AWD (3.7L 6cyl 6A) 2012 Gray,Acura,MDX Technology,2012,Foreign Used,Automatic,10500000.0
Toyota Corolla LE 2020 Blue,Toyota,Corolla LE,2020,Foreign Used,Automatic,26000000.0
Toyota Camry 2016 Black,Toyota,Camry,2016,Foreign Used,Automatic,16500000.0
Mercedes-Benz C300 2016 Gray,Mercedes Benz,C300,2016,Local Used,Automatic,12000000.0
Honda CR-V 2013 Black,Honda,CR-V,2013,Local Used,Automatic,11500000.0
Honda Accord 2016 Red,Honda,Accord,2016,Local Used,Automatic,11000000.0
Honda Crosstour 2010 Black,Honda,Crosstour,2010,Local Used,Automatic,7400000.0
Nissan Pathfinder 2014 Gray,Nissan,Pathfinder,2014,Foreign Used,Automatic,16000000.0
BMW X1 2012 Black,BMW,X1,2012,Foreign Used,Automatic,13300000.0
Toyota Camry LE V6 4dr Sedan (3.5L 6cyl 6A) 2011 Gray,Toyota,Camry LE,2011,Foreign Used,Automatic,10600000.0
Toyota Camry XLE V6 4dr Sedan (3.5L 6cyl 6A) 2011 Silver,Toyota,Camry XLE,2011,Foreign Used,Automatic,11500000.0
Toyota Tacoma V6 4dr Double Cab 4WD 5.0 ft. SB (4.0L 6cyl 5A) 2014,Toyota,Tacoma V6,2014,Foreign Used,Automatic,25000000.0
Ford Edge 2013 Silver,Ford,Edge,2013,Foreign Used,Automatic,15300000.0
Toyota Corolla L 4dr Sedan (1.8L 4cyl 6M) 2015 Gray,Toyota,Corolla L,2015,Foreign Used,Automatic,14800000.0
Acura MDX Advance Package SUV AWD (3.7L 6cyl 6A) 2013 Gray,Acura,MDX Advance,2013,Foreign Used,Automatic,9800000.0
Toyota Camry XLE V6 4dr Sedan (3.5L 6cyl 6AM) 2009 Gray,Toyota,Camry XLE,2009,Foreign Used,Automatic,10500000.0
Acura MDX Technology Package SUV AWD (3.7L 6cyl 6A) 2011 Gray,Acura,MDX Technology,2011,Foreign Used,Automatic,10500000.0
Lexus RX 2015 Blue,Lexus,RX,2015,Foreign Used,Automatic,23000000.0
Honda Civic Touring Coupe 2019 Gray,Honda,Civic Touring,2019,Foreign Used,Automatic,16800000.0
Mini Clubman 2016 Green,Mini,Clubman,2016,Foreign Used,Automatic,22000000.0
Hyundai Elantra 2015 Gray,Hyundai,Elantra,2015,Foreign Used,Automatic,11500000.0
Hyundai I10 2016 White,Hyundai,I10,2016,Foreign Used,Automatic,15800000.0
Mercedes-Benz C230 2007 Gray,Mercedes Benz,C230,2007,Local Used,Automatic,6100000.0
Toyota Sienna 2008 Black,Toyota,Sienna,2008,Local Used,Automatic,7900000.0
Mercedes-Benz C180 2000 Green,Mercedes Benz,C180,2000,Local Used,Automatic,3650000.0
Honda Civic EX-L 2dr Coupe (1.8L 4cyl CVT) 2014 White,Honda,Civic EX-L,2014,Foreign Used,Automatic,8800000.0
Kia Morning 2013 Black,Kia,Morning,2013,Local Used,Automatic,6400000.0
Peugeot 206 2005 Black,Peugeot,206,2005,Local Used,Automatic,3500000.0
Toyota Camry XLE 4dr Sedan (2.5L 4cyl 6A) 2016 Black,Toyota,Camry XLE,2016,Foreign Used,Automatic,16500000.0
Toyota 4-Runner Limited 2WD 2012 White,Toyota,4-Runner Limited,2012,Local Used,Automatic,25000000.0
Mercedes-Benz CLS 550 2012 Blue,Mercedes Benz,CLS 550,2012,Local Used,Automatic,14000000.0
Acura MDX Advance Package SUV AWD (3.7L 6cyl 6A) 2013 Silver,Acura,MDX Advance,2013,Foreign Used,Automatic,9700000.0
Acura MDX Technology Package SUV AWD (3.7L 6cyl 6A) 2012 Gray,Acura,MDX Technology,2012,Foreign Used,Automatic,10500000.0
Toyota RAV4 Limited 4dr SUV AWD (2.5L 4cyl 6A) 2015 Brown,Toyota,RAV4 Limited,2015,Foreign Used,Automatic,23000000.0
Toyota RAV4 2.5 Limited 4x4 2012 Silver,Toyota,RAV4 2,2012,Foreign Used,Automatic,15700000.0
Mercedes-Benz C300 2008 Black,Mercedes Benz,C300,2008,Local Used,Automatic,6200000.0
Honda Accord 2017 Silver,Honda,Accord,2017,Local Used,Automatic,9800000.0
Honda Accord 2006 Black,Honda,Accord,2006,Local Used,Automatic,4800000.0
Honda CR-V 2017 Gray,Honda,CR-V,2017,Foreign Used,Automatic,29500000.0
Toyota Highlander Limited V6 2007 Blue,Toyota,Highlander Limited,2007,Foreign Used,Automatic,11700000.0
Lexus RX 2000 Gold,Lexus,RX,2000,Local Used,Automatic,3500000.0
Hyundai Sonata 2012 Black,Hyundai,Sonata,2012,Local Used,Automatic,5700000.0
Honda Pilot 2015 Red,Honda,Pilot,2015,Foreign Used,Automatic,13500000.0
Lexus GX 460 Premium 2013 Black,Lexus,GX 460,2013,Foreign Used,Automatic,27500000.0
Toyota Camry SE Sport 4dr Sedan (2.5L 4cyl 6A) 2014 Gray,Toyota,Camry SE,2014,Foreign Used,Automatic,15000000.0
Toyota Corolla LE 4dr Sedan (1.8L 4cyl 4A) 2013 Black,Toyota,Corolla LE,2013,Foreign Used,Automatic,13000000.0
Toyota Highlander Limited 2010 Red,Toyota,Highlander Limited,2010,Foreign Used,Automatic,12500000.0
Honda Accord EX-L V-6 4dr Sedan (3.5L 6cyl 6A) 2014 Silver,Honda,Accord EX-L,2014,Local Used,Automatic,11500000.0
Toyota Camry 2016 Blue,Toyota,Camry,2016,Foreign Used,Automatic,16000000.0
Volkswagen Passat 2014 Black,Volkswagen,Passat,2014,Foreign Used,Automatic,10500000.0
Toyota Matrix 2007 Blue,Toyota,Matrix,2007,Local Used,Automatic,6400000.0
Mercedes-Benz GLK-Class 2014 White,Mercedes Benz,GLK-Class,2014,Local Used,Automatic,14500000.0
Toyota C-HR 2019 White,Toyota,C-HR,2019,Foreign Used,Automatic,20000000.0
Hyundai Veloster Automatic 2012 Orange,Hyundai,Veloster Automatic,2012,Foreign Used,Automatic,10500000.0
Toyota Camry 2.4 LE 2008 Beige,Toyota,Camry 2,2008,Local Used,Automatic,6500000.0
Toyota Camry SE 4dr Sedan (2.5L 4cyl 6A) 2011 Black,Toyota,Camry SE,2011,Foreign Used,Automatic,11000008.0
Lexus RX 350 AWD 2012 Silver,Lexus,RX 350,2012,Foreign Used,Automatic,18500000.0
Toyota Highlander Limited 3.5l 4WD 2013 Silver,Toyota,Highlander Limited,2013,Foreign Used,Automatic,15500000.0
Land Rover Range Rover Evoque Pure Plus 2012 White,Land,Rover Range,2012,Foreign Used,Automatic,27000000.0
Toyota Highlander Limited Platinum V6 4x4 (3.5L 6cyl 6A) 2016 Blue,Toyota,Highlander Limited,2016,Foreign Used,Automatic,27500000.0
Toyota Highlander XLE V6 4x2 (3.5L 6cyl 6A) 2016 Red,Toyota,Highlander XLE,2016,Foreign Used,Automatic,25500000.0
Toyota Corolla SE 2020 Blue,Toyota,Corolla SE,2020,Foreign Used,Automatic,23000000.0
Toyota RAV4 2.5 Limited 4x4 2012 Black,Toyota,RAV4 2,2012,Foreign Used,Automatic,15500000.0
Honda Accord 2008 Gray,Honda,Accord,2008,Local Used,Automatic,5800000.0
Toyota Corolla 2013 Blue,Toyota,Corolla,2013,Local Used,Automatic,8500000.0
Mercedes-Benz C300 2016 White,Mercedes Benz,C300,2016,Foreign Used,Automatic,18800000.0
Land Rover Range Rover Evoque 2013 White,Land,Rover Range,2013,Local Used,Automatic,8500000.0
Mercedes-Benz C230 2007 Black,Mercedes Benz,C230,2007,Local Used,Automatic,6700000.0
Acura MDX 2015 Black,Acura,MDX,2015,Foreign Used,Automatic,14500000.0
Toyota Highlander Limited 2010 Green,Toyota,Highlander Limited,2010,Foreign Used,Automatic,12000000.0
Lexus RX 2012 Black,Lexus,RX,2012,Foreign Used,Automatic,17500000.0
Acura MDX Advance Package SUV AWD (3.7L 6cyl 6A) 2013 Blue,Acura,MDX Advance,2013,Foreign Used,Automatic,11000000.0
Toyota Avalon XLE Premium FWD Sedan (3.6L 6cyl 6A) 2016 Black,Toyota,Avalon XLE,2016,Foreign Used,Automatic,21000000.0
Toyota Vellfire 2015 Gray,Toyota,Vellfire,2015,Foreign Used,Automatic,16800000.0
Toyota RAV4 Limited 2008 Black,Toyota,RAV4 Limited,2008,Foreign Used,Automatic,13200000.0
Lexus RX 350 2011 Silver,Lexus,RX 350,2011,Foreign Used,Automatic,13000000.0
Honda Accord 2006 Gold,Honda,Accord,2006,Local Used,Automatic,3800000.0
Honda Crosstour 2012 Gray,Honda,Crosstour,2012,Foreign Used,Automatic,14000000.0
Honda Accord 2007 Black,Honda,Accord,2007,Local Used,Automatic,3900000.0
Toyota Yaris 2013 Gray,Toyota,Yaris,2013,Local Used,Automatic,7300000.0
Honda Accord 2005 Silver,Honda,Accord,2005,Local Used,Automatic,3900000.0
Hyundai Tucson 2016 Burgundy,Hyundai,Tucson,2016,Foreign Used,Automatic,18000000.0
Lexus ES 2012 Gray,Lexus,ES,2012,Local Used,Automatic,17000000.0
Toyota Camry 2011 Green,Toyota,Camry,2011,Foreign Used,Automatic,10500000.0
Mazda CX-9 2015 Blue,Mazda,CX-9,2015,Foreign Used,Automatic,18500000.0
Honda Pilot 2013 Red,Honda,Pilot,2013,Foreign Used,Automatic,15500000.0
Acura MDX SH-AWD 4dr SUV AWD (3.5L 6cyl 6A) 2015 Red,Acura,MDX SH-AWD,2015,Foreign Used,Automatic,13500000.0
Honda Accord 2011 Gold,Honda,Accord,2011,Local Used,Automatic,6000000.0
Honda Accord 2004 White,Honda,Accord,2004,Local Used,Automatic,3950000.0
Mercedes-Benz C240 2004 Gold,Mercedes Benz,C240,2004,Local Used,Automatic,4300000.0
Lexus RX 330 2006 Blue,Lexus,RX 330,2006,Local Used,Automatic,7250000.0
Acura MDX 2015 White,Acura,MDX,2015,Foreign Used,Automatic,14300000.0
Toyota RAV4 Limited 4x4 2009 White,Toyota,RAV4 Limited,2009,Foreign Used,Automatic,12500000.0
Toyota Highlander Limited 3.5l 4WD 2013 Black,Toyota,Highlander Limited,2013,Foreign Used,Automatic,15400000.0
Toyota RAV4 Limited 2008 Gray,Toyota,RAV4 Limited,2008,Foreign Used,Automatic,12300000.0
Acura MDX 2015 Silver,Acura,MDX,2015,Foreign Used,Automatic,13000000.0
Honda Accord 2010 Black,Honda,Accord,2010,Local Used,Automatic,5800000.0
Mercedes-Benz GLK-Class 350 4MATIC 2013 White,Mercedes Benz,GLK-Class 350,2013,Local Used,Automatic,16500000.0
Honda Accord 2009 White,Honda,Accord,2009,Local Used,Automatic,6200000.0
Toyota Corolla 2016 White,Toyota,Corolla,2016,Foreign Used,Automatic,13800000.0
Honda Accord 2017 Black,Honda,Accord,2017,Local Used,Automatic,11000000.0
Mercedes-Benz C300 2012 Silver,Mercedes Benz,C300,2012,Foreign Used,Automatic,12700000.0
Toyota Camry SE (2.5L 4cyl 8A) 2019 White,Toyota,Camry SE,2019,Foreign Used,Automatic,18900000.0
Honda CR-V 2008 Green,Honda,CR-V,2008,Local Used,Automatic,6800000.0
Acura MDX SH 4dr SUV AWD (3.5L 6cyl 9A) 2016 Black,Acura,MDX SH,2016,Foreign Used,Automatic,16000000.0
Toyota Highlander Limited 3.5l 4WD 2013 Red,Toyota,Highlander Limited,2013,Foreign Used,Automatic,18500000.0
Toyota Corolla XLE (1.8L 4cyl 2A) 2018 Red,Toyota,Corolla XLE,2018,Foreign Used,Automatic,20000000.0
Lexus ES 350 2008 Brown,Lexus,ES 350,2008,Foreign Used,Automatic,10500000.0
Acura MDX Tech & A-Spec Pkgs SH-AWD 2019 Gray,Acura,MDX Tech,2019,Foreign Used,Automatic,24000000.0
Honda Accord 2010 Silver,Honda,Accord,2010,Local Used,Automatic,6000000.0
Toyota Camry 2013 Black,Toyota,Camry,2013,Local Used,Automatic,8500000.0
Mercedes-Benz C300 2014 Black,Mercedes Benz,C300,2014,Foreign Used,Automatic,13700000.0
Toyota Matrix 2010 Silver,Toyota,Matrix,2010,Local Used,Automatic,6850000.0
Ford Edge Titanium AWD 2020 Black,Ford,Edge Titanium,2020,Foreign Used,Automatic,35000000.0
Toyota Camry XLE 4dr Sedan (2.5L 4cyl 6A) 2011 Gray,Toyota,Camry XLE,2011,Foreign Used,Automatic,11200000.0
Toyota RAV4 Limited 4dr SUV AWD (2.5L 4cyl 6A) 2015 Brown,Toyota,RAV4 Limited,2015,Foreign Used,Automatic,22000000.0
Honda Odyssey 2008 Silver,Honda,Odyssey,2008,Foreign Used,Automatic,8000000.0
Acura MDX SUV 4dr AWD (3.7 6cyl 5A) 2008 White,Acura,MDX SUV,2008,Foreign Used,Automatic,9500000.0
Toyota Camry 2009 Gold,Toyota,Camry,2009,Foreign Used,Automatic,10600000.0
Honda Pilot 2014 White,Honda,Pilot,2014,Foreign Used,Automatic,16500000.0
Acura MDX SUV 4dr AWD (3.7 6cyl 5A) 2008 Gray,Acura,MDX SUV,2008,Foreign Used,Automatic,8500000.0
Toyota Corolla 2010 Gray,Toyota,Corolla,2010,Local Used,Automatic,7900000.0
Nissan Sentra 2012 Silver,Nissan,Sentra,2012,Local Used,Automatic,4650000.0
Toyota Corolla 2009 Red,Toyota,Corolla,2009,Local Used,Automatic,8700000.0
Toyota Highlander 2013 Black,Toyota,Highlander,2013,Foreign Used,Automatic,19500000.0
Toyota Corolla 2017 White,Toyota,Corolla,2017,Local Used,Automatic,12100000.0
Mercedes-Benz E350 2014 White,Mercedes Benz,E350,2014,Foreign Used,Automatic,24000000.0
Honda Accord LX 4dr Sedan (2.4L 4cyl 6M) 2015 Gray,Honda,Accord LX,2015,Foreign Used,Automatic,10800000.0
Toyota Camry 2013 Black,Toyota,Camry,2013,Foreign Used,Automatic,13500000.0
Toyota Camry 2008 Gold,Toyota,Camry,2008,Local Used,Automatic,6700000.0
Acura MDX 2018 White,Acura,MDX,2018,Foreign Used,Automatic,23500000.0
Toyota Camry XLE V6 4dr Sedan (3.5L 6cyl 6A) 2011 Black,Toyota,Camry XLE,2011,Foreign Used,Automatic,11500000.0
Honda Accord EX-L 4dr Sedan FWD (2.4L 4cyl 2A) 2013 White,Honda,Accord EX-L,2013,Local Used,Automatic,9500000.0
Acura MDX Technology Package SUV AWD (3.7L 6cyl 6A) 2013 Black,Acura,MDX Technology,2013,Foreign Used,Automatic,11000000.0
Acura TL SH-AWD AT 2013 Black,Acura,TL SH-AWD,2013,Foreign Used,Automatic,12500000.0
Toyota Sienna XLE AWD 7-Passenger 2013 Silver,Toyota,Sienna XLE,2013,Foreign Used,Automatic,19500000.0
Acura MDX 2015 White,Acura,MDX,2015,Foreign Used,Automatic,14200000.0
Toyota RAV4 Limited V6 2008 Silver,Toyota,RAV4 Limited,2008,Foreign Used,Automatic,12500000.0
Acura MDX 2006 Black,Acura,MDX,2006,Foreign Used,Automatic,7000000.0
Lexus RX 350 AWD 2015 Gray,Lexus,RX 350,2015,Foreign Used,Automatic,22500000.0
Toyota Avensis 1.8 C Combi 2005 Silver,Toyota,Avensis 1,2005,Foreign Used,Automatic,12000000.0
Honda Accord EX-L 4dr Sedan w/Navigation (2.4L 4cyl CVT) 2014 Gray,Honda,Accord EX-L,2014,Foreign Used,Automatic,13400000.0
BMW 328i 2009 White,BMW,328i,2009,Local Used,Automatic,6700000.0
Mercedes-Benz GLK-Class 2013 Red,Mercedes Benz,GLK-Class,2013,Foreign Used,Automatic,14500000.0
Toyota Camry SE (2.5L 4cyl 8A) 2019 Silver,Toyota,Camry SE,2019,Foreign Used,Automatic,22500000.0
BMW 3 Series 2005 White,BMW,3 Series,2005,Local Used,Automatic,7000000.0
Lexus GS 350 2012 Silver,Lexus,GS 350,2012,Local Used,Automatic,14300000.0
Honda Accord 2013 Black,Honda,Accord,2013,Local Used,Automatic,11900000.0
Toyota Camry SE 4dr Sedan (2.5L 4cyl 6A) 2015 Black,Toyota,Camry SE,2015,Local Used,Automatic,11800000.0
Mercedes-Benz E350 2024 Black,Mercedes Benz,E350,2024,Local Used,Automatic,13700000.0
Mercedes-Benz GLK-Class 350 4MATIC 2014 Silver,Mercedes Benz,GLK-Class 350,2014,Foreign Used,Automatic,19400000.0
Lexus RX 2014 Gray,Lexus,RX,2014,Foreign Used,Automatic,23500000.0
Nissan Frontier Automatic 2005 Gray,Nissan,Frontier Automatic,2005,Local Used,Automatic,6000000.0
Toyota 4-Runner Limited 4X4 2013 Black,Toyota,4-Runner Limited,2013,Foreign Used,Automatic,32000000.0
Toyota Camry SE FWD (2.5L 4cyl 8AM) 2018 Gray,Toyota,Camry SE,2018,Foreign Used,Automatic,33000000.0
Mercedes-Benz C300 Base C300 AWD 4MATIC Sedan 2019 Black,Mercedes Benz,C300 Base,2019,Foreign Used,Automatic,24000000.0
Toyota Camry 2009 Black,Toyota,Camry,2009,Foreign Used,Automatic,10500000.0
Toyota Camry XSE FWD (2.5L 4cyl 8AM) 2018 Burgundy,Toyota,Camry XSE,2018,Foreign Used,Automatic,24000000.0
Pontiac Vibe 2009 Silver,Pontiac,Vibe,2009,Local Used,Automatic,7300000.0
Toyota Corolla 2010 Gray,Toyota,Corolla,2010,Local Used,Automatic,8700000.0
Toyota Corolla Sedan 2004 Silver,Toyota,Corolla Sedan,2004,Local Used,Automatic,5500000.0
Toyota Camry LE V6 4dr Sedan (3.5L 6cyl 6A) 2011 Red,Toyota,Camry LE,2011,Foreign Used,Automatic,10500000.0
Toyota RAV4 Limited 4dr SUV AWD (2.5L 4cyl 6A) 2018 Gray,Toyota,RAV4 Limited,2018,Foreign Used,Automatic,30000000.0
Toyota Camry 2011 Gray,Toyota,Camry,2011,Foreign Used,Automatic,10500000.0
Toyota Tacoma 2013 Black,Toyota,Tacoma,2013,Foreign Used,Automatic,24500000.0
Acura MDX Technology Package AWD (3.7 6cyl 5A) 2008 Black,Acura,MDX Technology,2008,Foreign Used,Automatic,8500000.0
Toyota Corolla S 4dr Sedan (1.8L 4cyl CVT) 2015 Blue,Toyota,Corolla S,2015,Foreign Used,Automatic,15000000.0
Toyota Corolla LE 2020 Silver,Toyota,Corolla LE,2020,Foreign Used,Automatic,26000000.0
Toyota RAV4 2.0 VVT-i 2008 Black,Toyota,RAV4 2,2008,Foreign Used,Automatic,12700000.0
Toyota Camry SE V6 4dr Sedan (3.5L 6cyl 6A) 2011 Red,Toyota,Camry SE,2011,Foreign Used,Automatic,11700000.0
Toyota Highlander Limited 4x4 2009 Blue,Toyota,Highlander Limited,2009,Foreign Used,Automatic,14500000.0
Toyota Venza V6 2012 Brown,Toyota,Venza V6,2012,Foreign Used,Automatic,16000000.0
Toyota Highlander Limited 3.5l 4WD 2013 Gray,Toyota,Highlander Limited,2013,Foreign Used,Automatic,16500000.0
Honda Accord 2012 Blue,Honda,Accord,2012,Local Used,Automatic,6800000.0
Honda Accord EX-L 4dr Sedan FWD (2.4L 4cyl 2A) 2017 Gray,Honda,Accord EX-L,2017,Foreign Used,Automatic,17000000.0
Honda Accord 2016 Silver,Honda,Accord,2016,Local Used,Automatic,11500000.0
Pontiac Vibe 2006 Black,Pontiac,Vibe,2006,Local Used,Automatic,6400000.0
Mercedes-Benz GLK-Class 350 4MATIC 2010 Black,Mercedes Benz,GLK-Class 350,2010,Local Used,Automatic,10300000.0
Hyundai Accent 2015 Silver,Hyundai,Accent,2015,Local Used,Automatic,6700000.0
Mercedes-Benz C300 2016 Gray,Mercedes Benz,C300,2016,Local Used,Automatic,14500000.0
Hyundai Veloster 2013 White,Hyundai,Veloster,2013,Foreign Used,Automatic,11000000.0
Toyota Venza 2009 Brown,Toyota,Venza,2009,Foreign Used,Automatic,14800000.0
Lexus RX 350 AWD 2013 Gray,Lexus,RX 350,2013,Foreign Used,Automatic,21000000.0
Lexus RX 350 AWD 2013 Black,Lexus,RX 350,2013,Foreign Used,Automatic,20000000.0
Toyota Sequoia 2007 Black,Toyota,Sequoia,2007,Foreign Used,Automatic,7850000.0
Toyota Camry 2013 Red,Toyota,Camry,2013,Foreign Used,Automatic,15500000.0
Toyota Camry SE 4dr Sedan (2.5L 4cyl 6A) 2011 Gray,Toyota,Camry SE,2011,Foreign Used,Automatic,12500000.0
Toyota Highlander Limited 3.5l 4WD 2013 Silver,Toyota,Highlander Limited,2013,Foreign Used,Automatic,15300000.0
Toyota Highlander XLE V6 4x4 (3.5L 6cyl 6A) 2016 Black,Toyota,Highlander XLE,2016,Foreign Used,Automatic,26000000.0
Acura MDX w/Advance & Ent. Pkgs SH-AWD 2018 White,Acura,MDX w,2018,Foreign Used,Automatic,22500000.0
BMW 328i 2016 Gray,BMW,328i,2016,Foreign Used,Automatic,17500000.0
BMW 328i 2008 Gray,BMW,328i,2008,Local Used,Automatic,6300000.0
Toyota Camry SE 4dr Sedan (2.5L 4cyl 6A) 2011 Blue,Toyota,Camry SE,2011,Foreign Used,Automatic,11300000.0
Lexus RX 350 AWD 2014 Maroon,Lexus,RX 350,2014,Foreign Used,Automatic,23500000.0
Toyota Highlander XLE 4x4 V6 (3.5L 6cyl 8A) 2017 Gray,Toyota,Highlander XLE,2017,Foreign Used,Automatic,32000000.0
Acura MDX Technology Package AWD (3.7 6cyl 5A) 2008 Blue,Acura,MDX Technology,2008,Foreign Used,Automatic,9200000.0
Toyota Highlander Limited 4dr SUV (3.5L 6cyl 6A) 2015 White,Toyota,Highlander Limited,2015,Foreign Used,Automatic,26500000.0
Acura MDX Advance & Ent. Pkgs SH-AWD 2019 Brown,Acura,MDX Advance,2019,Foreign Used,Automatic,25000000.0
Toyota RAV4 2014 Silver,Toyota,RAV4,2014,Foreign Used,Automatic,23500000.0
Pontiac Vibe 2009 Red,Pontiac,Vibe,2009,Local Used,Automatic,7500000.0
BMW 325i 2005 Silver,BMW,325i,2005,Local Used,Automatic,4600000.0
Lexus RX 350 FWD 2012 Red,Lexus,RX 350,2012,Foreign Used,Automatic,16100000.0
Acura MDX 2009 Gray,Acura,MDX,2009,Foreign Used,Automatic,10000000.0
Toyota Previa 2025 Silver,Toyota,Previa,2025,Foreign Used,Automatic,12500000.0
Acura MDX SH-AWD 4dr SUV AWD (3.5L 6cyl 6A) 2015 Black,Acura,MDX SH-AWD,2015,Foreign Used,Automatic,14500000.0
Acura MDX Technology Package SUV AWD (3.7L 6cyl 6A) 2013 Silver,Acura,MDX Technology,2013,Foreign Used,Automatic,10700000.0
Toyota Camry 2016 Black,Toyota,Camry,2016,Foreign Used,Automatic,20000000.0
Acura MDX 2015 Gray,Acura,MDX,2015,Foreign Used,Automatic,13500000.0
Lexus ES 350 FWD 2015 Black,Lexus,ES 350,2015,Foreign Used,Automatic,18000000.0
Acura MDX Advance Package SUV AWD (3.7L 6cyl 6A) 2013 Silver,Acura,MDX Advance,2013,Foreign Used,Automatic,11200000.0
Mazda CX-9 2015 Brown,Mazda,CX-9,2015,Foreign Used,Automatic,19500000.0
Mercedes-Benz C350 2013 White,Mercedes Benz,C350,2013,Foreign Used,Automatic,15000000.0
Toyota Corolla 2010 Silver,Toyota,Corolla,2010,Local Used,Automatic,7800000.0
Peugeot 307 2007 Silver,Peugeot,307,2007,Local Used,Automatic,4500000.0
Lexus RX 2011 Black,Lexus,RX,2011,Foreign Used,Automatic,17500000.0
Toyota Camry XSE 4dr Sedan (2.5l 4cyl 6A) 2016 Gray,Toyota,Camry XSE,2016,Foreign Used,Automatic,18000000.0
Toyota Camry SE 4dr Sedan (2.4L 4cyl 5A) 2009 Silver,Toyota,Camry SE,2009,Foreign Used,Automatic,9800000.0
Acura MDX 2011 Black,Acura,MDX,2011,Foreign Used,Automatic,10500000.0
Toyota Camry 2011 Black,Toyota,Camry,2011,Foreign Used,Automatic,12000000.0
Toyota Venza AWD 2011 Brown,Toyota,Venza AWD,2011,Foreign Used,Automatic,19000000.0
Toyota 4-Runner 2014 Black,Toyota,4-Runner,2014,Foreign Used,Automatic,33000000.0
Toyota Camry 2013 Gray,Toyota,Camry,2013,Foreign Used,Automatic,15300000.0
Toyota Camry L 4dr Sedan (2.5L 4cyl 6A) 2014 Silver,Toyota,Camry L,2014,Foreign Used,Automatic,14000000.0
Lexus RX 350 F Sport AWD 2015 White,Lexus,RX 350,2015,Foreign Used,Automatic,23000000.0
Toyota Corolla LE 4dr Sedan (1.8L 4cyl 4A) 2013 Red,Toyota,Corolla LE,2013,Foreign Used,Automatic,13500000.0
Toyota Highlander Limited 3.5l 4WD 2013 Brown,Toyota,Highlander Limited,2013,Foreign Used,Automatic,15400000.0
Acura MDX 2015 Gray,Acura,MDX,2015,Foreign Used,Automatic,14500000.0
Toyota Corolla LE 4dr Sedan (1.8L 4cyl CVT) 2015 Silver,Toyota,Corolla LE,2015,Foreign Used,Automatic,15000000.0
Toyota Highlander Limited 2009 Blue,Toyota,Highlander Limited,2009,Foreign Used,Automatic,13000000.0
Honda Accord 2013 Blue,Honda,Accord,2013,Foreign Used,Automatic,14500000.0
Acura MDX w/Technology & Ent. Pkgs SH-AWD 2018 Gray,Acura,MDX w,2018,Local Used,Automatic,23000000.0
Acura MDX Advance Package SUV AWD (3.7L 6cyl 6A) 2013 Brown,Acura,MDX Advance,2013,Foreign Used,Automatic,10000000.0
Mercedes-Benz E350 2014 Black,Mercedes Benz,E350,2014,Foreign Used,Automatic,16800000.0
Honda Accord 2011 Black,Honda,Accord,2011,Local Used,Automatic,6700000.0
Toyota Corolla S 4dr Sedan (1.8L 4cyl CVT) 2015 Gray,Toyota,Corolla S,2015,Foreign Used,Automatic,14500000.0
Land Rover Range Rover Evoque 2013 Gray,Land,Rover Range,2013,Local Used,Automatic,18000000.0
BMW X1 2013 White,BMW,X1,2013,Local Used,Automatic,14300000.0
Honda Accord 2019 Gray,Honda,Accord,2019,Foreign Used,Automatic,24500000.0
BMW 328i 2015 Black,BMW,328i,2015,Local Used,Automatic,11000000.0
Lexus RX 350 F Sport AWD 2015 White,Lexus,RX 350,2015,Foreign Used,Automatic,26000000.0
Honda Civic 2010 Silver,Honda,Civic,2010,Local Used,Automatic,4800000.0
Mercedes-Benz C300 2011 Black,Mercedes Benz,C300,2011,Foreign Used,Automatic,10500000.0
Acura ZDX Base AWD 2011 Maroon,Acura,ZDX Base,2011,Foreign Used,Automatic,18000000.0
Lexus ES 350 FWD 2013 Silver,Lexus,ES 350,2013,Foreign Used,Automatic,18500000.0
Toyota Highlander 2018 Black,Toyota,Highlander,2018,Foreign Used,Automatic,35000000.0
Mazda 3 2.5 s Sport Hatchback 2011 Burgundy,Mazda,3 2,2011,Foreign Used,Automatic,7000000.0
Ford Explorer 2015 Black,Ford,Explorer,2015,Local Used,Automatic,15187500.0
Toyota RAV4 Limited AWD (2.5L 4cyl 6A) 2016 Silver,Toyota,RAV4 Limited,2016,Local Used,Automatic,15200000.0
Hyundai Santa Fe 2017 Gray,Hyundai,Santa Fe,2017,Local Used,Automatic,10900000.0
Honda Pilot 2013 White,Honda,Pilot,2013,Foreign Used,Automatic,15200000.0
Lexus GX 460 Base 2013 Gray,Lexus,GX 460,2013,Foreign Used,Automatic,27000000.0
Toyota Highlander XLE 4dr SUV AWD (3.5L 6cyl 6A) 2015 Gray,Toyota,Highlander XLE,2015,Foreign Used,Automatic,26000000.0
Mazda CX-9 Touring 4dr SUV AWD (3.7L 6cyl 6A) 2015 White,Mazda,CX-9 Touring,2015,Foreign Used,Automatic,17000000.0
Toyota Yaris 1.3 2005 Blue,Toyota,Yaris 1,2005,Local Used,Automatic,5500000.0
Toyota Corolla 2012 Black,Toyota,Corolla,2012,Foreign Used,Automatic,13300000.0
Acura MDX Advance Package SUV AWD (3.7L 6cyl 6A) 2013 Silver,Acura,MDX Advance,2013,Foreign Used,Automatic,11000000.0
Toyota Venza V6 AWD 2012 Black,Toyota,Venza V6,2012,Foreign Used,Automatic,16200000.0
Toyota Tacoma X-Runner V6 2010 Silver,Toyota,Tacoma X-Runner,2010,Foreign Used,Automatic,18500000.0
Pontiac Vibe 2009 Gray,Pontiac,Vibe,2009,Local Used,Automatic,7800000.0
Honda Accord 2014 Black,Honda,Accord,2014,Foreign Used,Automatic,13000000.0
Honda Accord 2017 Maroon,Honda,Accord,2017,Local Used,Automatic,9700000.0
Toyota Matrix 2005 Silver,Toyota,Matrix,2005,Local Used,Automatic,6200000.0
Honda CR-V 2008 Gold,Honda,CR-V,2008,Local Used,Automatic,6300000.0
Honda Accord EX 4dr Sedan FWD (2.4L 4cyl 2A) 2017 Burgundy,Honda,Accord EX,2017,Foreign Used,Automatic,19000000.0
Kia Sportage EX 4dr SUV (2.4L 4cyl 6A) 2014 Green,Kia,Sportage EX,2014,Foreign Used,Automatic,13500000.0
Toyota Hilux 2.0 VVT-i 2010 White,Toyota,Hilux 2,2010,Local Used,Manual,6000000.0
Honda CR-V 2004 Red,Honda,CR-V,2004,Local Used,Automatic,2600000.0
Toyota Camry 2005 Silver,Toyota,Camry,2005,Local Used,Automatic,3500000.0
Toyota Camry 2008 Black,Toyota,Camry,2008,Local Used,Automatic,6600000.0
Honda Element 2004 Blue,Honda,Element,2004,Local Used,Automatic,2300000.0
Toyota 4-Runner 2006 Silver,Toyota,4-Runner,2006,Local Used,Automatic,7500000.0
Toyota Camry XLE FWD (2.5L 4cyl 8AM) 2018 White,Toyota,Camry XLE,2018,Foreign Used,Automatic,29000000.0
Toyota Camry 2005 Silver,Toyota,Camry,2005,Local Used,Automatic,4000000.0
Toyota Camry 2.4 LE 2008 Gray,Toyota,Camry 2,2008,Local Used,Automatic,4500000.0
Toyota Corolla S Plus 4dr Sedan (1.8L 4cyl CVT) 2014 Silver,Toyota,Corolla S,2014,Local Used,Automatic,9000000.0
Peugeot 508 2015 Gray,Peugeot,508,2015,Local Used,Automatic,7400000.0
Mercedes-Benz C300 2010 White,Mercedes Benz,C300,2010,Local Used,Automatic,5450000.0
Toyota Highlander 2012 Blue,Toyota,Highlander,2012,Foreign Used,Automatic,18500000.0
Toyota Highlander Limited Platinum V6 4x2 (3.5L 6cyl 6A) 2016 Black,Toyota,Highlander Limited,2016,Foreign Used,Automatic,26500000.0
Acura ZDX Base AWD 2013 Brown,Acura,ZDX Base,2013,Foreign Used,Automatic,16000000.0
Honda Accord Coupe LX-S Automatic 2011 White,Honda,Accord Coupe,2011,Foreign Used,Automatic,10700000.0
Toyota Highlander Limited 4dr SUV (3.5L 6cyl 6A) 2015 Blue,Toyota,Highlander Limited,2015,Foreign Used,Automatic,26500000.0
Honda CR-V Touring AWD 2018 Silver,Honda,CR-V Touring,2018,Local Used,Automatic,15000000.0
Toyota Corolla LE 4dr Sedan (1.8L 4cyl CVT) 2017 Silver,Toyota,Corolla LE,2017,Local Used,Automatic,11800000.0
Lexus ES 350 FWD 2014 Black,Lexus,ES 350,2014,Local Used,Automatic,15500000.0
Hyundai Sonata SE 2016 Off white,Hyundai,Sonata SE,2016,Foreign Used,Automatic,12549999.0
Toyota Corolla 2004 Silver,Toyota,Corolla,2004,Local Used,Automatic,3400000.0
Lexus RX 350 2010 Black,Lexus,RX 350,2010,Local Used,Automatic,12500000.0
Mercedes-Benz M Class ML 63 AMG 2012 White,Mercedes Benz,M Class,2012,Foreign Used,Automatic,30000000.0
Mercedes-Benz C300 2013 Blue,Mercedes Benz,C300,2013,Foreign Used,Automatic,15500000.0
Toyota Highlander XLE 4dr SUV (3.5L 6cyl 6A) 2015 Gray,Toyota,Highlander XLE,2015,Foreign Used,Automatic,26500000.0
Toyota Camry 2013 Black,Toyota,Camry,2013,Foreign Used,Automatic,15300000.0
Toyota Sienna 2017 Black,Toyota,Sienna,2017,Foreign Used,Automatic,34000000.0
Acura MDX Sport 4dr AWD (3.7L 6cyl 5A) 2008 Black,Acura,MDX Sport,2008,Foreign Used,Automatic,9200000.0
Acura MDX Advance Package SUV AWD (3.7L 6cyl 6A) 2013 Red,Acura,MDX Advance,2013,Foreign Used,Automatic,10500000.0
Toyota RAV4 Platinum AWD (2.5L 4cyl 6A) 2017 Blue,Toyota,RAV4 Platinum,2017,Foreign Used,Automatic,32500000.0
Toyota Camry Base 4dr Sedan (2.5L 4cyl 6M) 2010 Silver,Toyota,Camry Base,2010,Local Used,Automatic,5100000.0
Toyota Highlander XLE 4dr SUV (3.5L 6cyl 6A) 2015 Gray,Toyota,Highlander XLE,2015,Foreign Used,Automatic,29000000.0
Lexus ES 2008 Silver,Lexus,ES,2008,Foreign Used,Automatic,10600000.0
Acura MDX Technology Package AWD (3.7L 6cyl 5A) 2009 Red,Acura,MDX Technology,2009,Foreign Used,Automatic,8500000.0
Toyota Highlander Limited 3.5l 4WD 2013 Green,Toyota,Highlander Limited,2013,Foreign Used,Automatic,15400000.0
Acura MDX Technology Package SUV AWD (3.7L 6cyl 6A) 2012 Gray,Acura,MDX Technology,2012,Foreign Used,Automatic,10500000.0
Lexus RX 2009 Black,Lexus,RX,2009,Foreign Used,Automatic,12500000.0
Toyota Camry SE FWD (2.5L 4cyl 8AM) 2018 White,Toyota,Camry SE,2018,Foreign Used,Automatic,32000000.0
Acura ZDX Base AWD 2013 Black,Acura,ZDX Base,2013,Foreign Used,Automatic,16500000.0
Lexus ES 350 2006 Silver,Lexus,ES 350,2006,Foreign Used,Automatic,10200000.0
Toyota 4-Runner Limited 4WD 2012 Silver,Toyota,4-Runner Limited,2012,Foreign Used,Automatic,33000000.0
Acura MDX 2008 Gray,Acura,MDX,2008,Foreign Used,Automatic,9700000.0
Toyota Camry 2009 Gold,Toyota,Camry,2009,Foreign Used,Automatic,10700000.0
Acura MDX 2012 Blue,Acura,MDX,2012,Foreign Used,Automatic,11500000.0
Lexus ES 350 FWD 2017 Silver,Lexus,ES 350,2017,Foreign Used,Automatic,24000000.0
Lexus ES 350 FWD 2015 Gray,Lexus,ES 350,2015,Foreign Used,Automatic,18200000.0
Toyota Camry 2014 Black,Toyota,Camry,2014,Foreign Used,Automatic,15500000.0
Hyundai Sonata Limited 2.0T Seban (2.0L 4cyl 6A) 2016 White,Hyundai,Sonata Limited,2016,Foreign Used,Automatic,14000000.0
Mercedes-Benz C300 Sport 4Matic Sedan AWD (3.5L 6cyl 7A) 2014 Gray,Mercedes Benz,C300 Sport,2014,Foreign Used,Automatic,12000000.0
Toyota Camry Automatic 1999 Black,Toyota,Camry Automatic,1999,Local Used,Automatic,1900000.0
Toyota Camry LE 4dr Sedan (2.4L 4cyl 5A) 2009 Silver,Toyota,Camry LE,2009,Foreign Used,Automatic,9000000.0
Volkswagen Touareg 2016 Black,Volkswagen,Touareg,2016,Foreign Used,Automatic,24500000.0
Mercedes-Benz GLC-Class 2021 White,Mercedes Benz,GLC-Class,2021,Foreign Used,Automatic,33000000.0
Acura ZDX Base AWD 2012 Black,Acura,ZDX Base,2012,Foreign Used,Automatic,19950000.0
Volkswagen Caddy 2014 White,Volkswagen,Caddy,2014,Foreign Used,Manual,8300000.0
Toyota Camry 2.4 LE 2008 Green,Toyota,Camry 2,2008,Local Used,Automatic,6000000.0
Honda Accord 2008 Blue,Honda,Accord,2008,Local Used,Automatic,6500000.0
Honda Accord 2004 Gold,Honda,Accord,2004,Local Used,Automatic,3000000.0
Toyota Highlander 2019 Gray,Toyota,Highlander,2019,Foreign Used,Automatic,36000000.0
Acura MDX w/Advance & Ent. Pkgs FWD 2017 Black,Acura,MDX w,2017,Foreign Used,Automatic,23000000.0
Toyota Avalon Limited 4dr Sedan (3.5L 6cyl 6A) 2015 Silver,Toyota,Avalon Limited,2015,Foreign Used,Automatic,18000000.0
Toyota Corolla 2011 Gray,Toyota,Corolla,2011,Foreign Used,Automatic,12700000.0
Toyota Camry XLE 4dr Sedan (2.5L 4cyl 6A) 2015 Gray,Toyota,Camry XLE,2015,Foreign Used,Automatic,18000000.0
Acura MDX 2008 Silver,Acura,MDX,2008,Foreign Used,Automatic,9500000.0
Acura MDX SUV 4dr AWD (3.7 6cyl 5A) 2009 Black,Acura,MDX SUV,2009,Foreign Used,Automatic,9700000.0
Mercedes-Benz GLA 250 2019 Red,Mercedes Benz,GLA 250,2019,Foreign Used,Automatic,29000000.0
Lexus ES 350 2012 Black,Lexus,ES 350,2012,Foreign Used,Automatic,11000000.0
Lexus RX 350 AWD 2014 Black,Lexus,RX 350,2014,Foreign Used,Automatic,18500000.0
Honda Crosstour 3.5 AWD 2013 Red,Honda,Crosstour 3,2013,Foreign Used,Automatic,15500000.0
Lexus ES 350 FWD 2014 White,Lexus,ES 350,2014,Local Used,Automatic,15500000.0
Lexus ES 350 2009 Blue,Lexus,ES 350,2009,Local Used,Automatic,7500000.0
Chevrolet Spark 2015,Chevrolet,Spark,2015,Foreign Used,Automatic,6800000.0
Lexus RX 330 2004 Green,Lexus,RX 330,2004,Local Used,Automatic,5300000.0
Mercedes-Benz GLK-Class Base GLK 350 4dr 4x2 (3.5L 6cyl 7A) 2015 Blue,Mercedes Benz,GLK-Class Base,2015,Foreign Used,Automatic,18000000.0
Toyota Highlander SE 2010 Black,Toyota,Highlander SE,2010,Local Used,Automatic,8000000.0
Lexus ES 2004 Green,Lexus,ES,2004,Local Used,Automatic,4800000.0
Jaguar XJ 2012 Black,Jaguar,XJ,2012,Foreign Used,Automatic,13000000.0
Toyota Camry 2010 White,Toyota,Camry,2010,Foreign Used,Automatic,10000000.0
Toyota Highlander Limited 3.5l 4WD 2013 Black,Toyota,Highlander Limited,2013,Local Used,Automatic,13500000.0
Mercedes-Benz C300 2012 Black,Mercedes Benz,C300,2012,Foreign Used,Automatic,11500000.0
Lexus ES 350 2009 White,Lexus,ES 350,2009,Foreign Used,Automatic,10900000.0
Hyundai Veloster Turbo 2013 Red,Hyundai,Veloster Turbo,2013,Foreign Used,Automatic,8700000.0
Lexus RX 330 2005 Blue,Lexus,RX 330,2005,Local Used,Automatic,7300000.0
Hyundai Avante 2012 White,Hyundai,Avante,2012,Foreign Used,Automatic,8650000.0
Lexus RX 300 4WD 2000 Blue,Lexus,RX 300,2000,Foreign Used,Automatic,4950000.0
Toyota Camry 2018 Gray,Toyota,Camry,2018,Foreign Used,Automatic,24000000.0
Mercedes-Benz GLK-Class 350 4MATIC 2014 Black,Mercedes Benz,GLK-Class 350,2014,Local Used,Automatic,15500000.0
Toyota Highlander 2016 White,Toyota,Highlander,2016,Foreign Used,Automatic,30000000.0
Toyota Sequoia Platinum FFV 4dr SUV 4WD (5.7L 8cyl 6A) 2013 Black,Toyota,Sequoia Platinum,2013,Foreign Used,Automatic,27850000.0
Lexus RX 350 AWD 2015 Black,Lexus,RX 350,2015,Foreign Used,Automatic,23000000.0
Honda CR-V 2013 Brown,Honda,CR-V,2013,Local Used,Automatic,11000000.0
Hyundai Santa Fe 2019 Gray,Hyundai,Santa Fe,2019,Foreign Used,Automatic,29000000.0
Lexus IS 2008 Gray,Lexus,IS,2008,Local Used,Automatic,5630000.0
Lexus GS 2006 Blue,Lexus,GS,2006,Foreign Used,Automatic,4500000.0
Toyota Corolla 2012 White,Toyota,Corolla,2012,Local Used,Automatic,6800000.0
Mercedes-Benz C300 2013 Black,Mercedes Benz,C300,2013,Local Used,Automatic,8500000.0
Toyota RAV4 2009 Gray,Toyota,RAV4,2009,Foreign Used,Automatic,11999999.0
Toyota Camry 2018 Black,Toyota,Camry,2018,Foreign Used,Automatic,17500000.0
Mercedes-Benz CLA-Class 2018 Red,Mercedes Benz,CLA-Class,2018,Foreign Used,Automatic,24500000.0
Lexus RX 350 2010 Silver,Lexus,RX 350,2010,Foreign Used,Automatic,18200000.0
Toyota Highlander 2013 Burgundy,Toyota,Highlander,2013,Foreign Used,Automatic,13599999.0
Hyundai Sonata 2016 Blue,Hyundai,Sonata,2016,Foreign Used,Automatic,11999999.0
Lexus ES 2013 Silver,Lexus,ES,2013,Foreign Used,Automatic,13000000.0
Toyota Highlander 2013 Maroon,Toyota,Highlander,2013,Foreign Used,Automatic,16800000.0
Acura MDX 2019 Gray,Acura,MDX,2019,Foreign Used,Automatic,21500000.0
Honda Crosstour 3.5 AWD 2010 Gray,Honda,Crosstour 3,2010,Foreign Used,Automatic,10800000.0
Toyota Camry 2008 Gray,Toyota,Camry,2008,Local Used,Automatic,5400000.0
Toyota Corolla Verso 2006 Gold,Toyota,Corolla Verso,2006,Local Used,Automatic,4900000.0
Mercedes-Benz M Class 2013 Black,Mercedes Benz,M Class,2013,Foreign Used,Automatic,27800000.0
Mercedes-Benz GLE-Class 2015 White,Mercedes Benz,GLE-Class,2015,Local Used,Automatic,18750000.0
Mercedes-Benz GLK-Class 2013 White,Mercedes Benz,GLK-Class,2013,Foreign Used,Automatic,19000000.0
Honda CR-V 2014 White,Honda,CR-V,2014,Foreign Used,Automatic,15500000.0
Mercedes-Benz CLA-Class CLA 250 4MATIC Sedan 2016 White,Mercedes Benz,CLA-Class CLA,2016,Local Used,Automatic,11390000.0
Toyota Yaris 2009 Silver,Toyota,Yaris,2009,Foreign Used,Automatic,9000000.0
Lexus ES 2003 Green,Lexus,ES,2003,Local Used,Automatic,4500000.0
Lexus ES 350 FWD 2014 Gray,Lexus,ES 350,2014,Local Used,Automatic,13500000.0
Toyota Sequoia Platinum 4dr SUV 4WD (5.7L 8cyl 6A) 2014 Black,Toyota,Sequoia Platinum,2014,Foreign Used,Automatic,23500000.0
Lexus RX 2015 Black,Lexus,RX,2015,Foreign Used,Automatic,23000000.0
Toyota Camry 2017,Toyota,Camry,2017,Local Used,Automatic,9700000.0
Toyota Sienna XLE 8 Passenger 2012 Black,Toyota,Sienna XLE,2012,Local Used,Automatic,10500000.0
Hyundai Sonata 2017 White,Hyundai,Sonata,2017,Foreign Used,Automatic,15690000.0
Toyota Camry 2008 Gold,Toyota,Camry,2008,Local Used,Automatic,5700000.0
Ford Edge 2007 White,Ford,Edge,2007,Local Used,Automatic,4550000.0
Lexus RX 2012 Gray,Lexus,RX,2012,Foreign Used,Automatic,20000000.0
Hyundai Genesis 2011 Silver,Hyundai,Genesis,2011,Foreign Used,Automatic,11500000.0
Honda Pilot EX-L 4dr SUV (3.5L 6cyl 5A) 2010 Black,Honda,Pilot EX-L,2010,Foreign Used,Automatic,13000000.0
Lexus RX 350 2008 Green,Lexus,RX 350,2008,Foreign Used,Automatic,12900000.0
Mercedes-Benz C300 2015 Gray,Mercedes Benz,C300,2015,Foreign Used,Automatic,19500000.0
Toyota Avalon XLE Premium Sedan FWD (3.5L 6cyl 6A) 2017 Silver,Toyota,Avalon XLE,2017,Foreign Used,Automatic,18500000.0
Toyota FJ Cruiser 2006 Yellow,Toyota,FJ Cruiser,2006,Foreign Used,Automatic,25000000.0
Toyota Corolla LE Special Edition 4dr Sedan (1.8L 4cyl 4A) 2013 Gray,Toyota,Corolla LE,2013,Foreign Used,Automatic,13000000.0
Honda Civic 2013 Blue,Honda,Civic,2013,Foreign Used,Automatic,12500000.0
Toyota Camry 2022 Red,Toyota,Camry,2022,Foreign Used,Automatic,30000000.0
Lexus RX 2015 White,Lexus,RX,2015,Foreign Used,Automatic,24500000.0
Lexus GX 470 2009 Black,Lexus,GX 470,2009,Local Used,Automatic,7500000.0
Lexus GX 2020 White,Lexus,GX,2020,Local Used,Automatic,28000000.0
Lexus RX 350 2012 Red,Lexus,RX 350,2012,Local Used,Automatic,14500000.0
Hyundai Sonata 2013 Black,Hyundai,Sonata,2013,Foreign Used,Automatic,8750000.0
Lexus RX 350 2008 Gold,Lexus,RX 350,2008,Foreign Used,Automatic,10500000.0
Honda Pilot 2013 Black,Honda,Pilot,2013,Foreign Used,Automatic,13500000.0
Mercedes-Benz C300 2016 Black,Mercedes Benz,C300,2016,Local Used,Automatic,10999999.0
Toyota Camry SE FWD (2.5L 4cyl 8AM) 2018 Gray,Toyota,Camry SE,2018,Foreign Used,Automatic,24999999.0
Toyota RAV4 2015 Red,Toyota,RAV4,2015,Foreign Used,Automatic,17200000.0
Nissan Juke 2012 Blue,Nissan,Juke,2012,Foreign Used,Automatic,11800000.0
Toyota Highlander 3.5L 4WD 2013 Silver,Toyota,Highlander 3,2013,Local Used,Automatic,14200000.0
Acura MDX 2012 Silver,Acura,MDX,2012,Foreign Used,Automatic,10800000.0
Volkswagen Passat 2010 Silver,Volkswagen,Passat,2010,Local Used,Automatic,5000000.0
Lexus IS 2016 Gray,Lexus,IS,2016,Local Used,Automatic,12600000.0
Lexus ES 350 2009 Black,Lexus,ES 350,2009,Local Used,Automatic,8700000.0
Toyota Crown 2004 Black,Toyota,Crown,2004,Local Used,Automatic,5000000.0
Honda CR-V 2016 Black,Honda,CR-V,2016,Foreign Used,Automatic,16000000.0
Toyota RAV4 2010 Brown,Toyota,RAV4,2010,Local Used,Automatic,7900000.0
Toyota Camry SE V6 4dr Sedan (3.5L 6cyl 6AM) 2010 Red,Toyota,Camry SE,2010,Foreign Used,Automatic,12700000.0
Toyota Matrix 2010 Blue,Toyota,Matrix,2010,Local Used,Automatic,6000000.0
Toyota Camry SE (2.5L 4cyl 8A) 2019,Toyota,Camry SE,2019,Local Used,Automatic,25000000.0
Toyota Camry XLE V6 4dr Sedan (3.5L 6cyl 6AM) 2009 Silver,Toyota,Camry XLE,2009,Foreign Used,Automatic,12000000.0
Hyundai Sonata Limited Sedan FWD (2.4L 4cyl 6A) 2012 Black,Hyundai,Sonata Limited,2012,Foreign Used,Automatic,12500000.0
Hyundai Sonata SE 4dr Sedan (2.4L 4cyl 6A) 2015 Red,Hyundai,Sonata SE,2015,Foreign Used,Automatic,13000000.0
Lexus RX 350 4x4 2007 Gold,Lexus,RX 350,2007,Foreign Used,Automatic,12200000.0
Lexus RX 350 AWD 2012 Gray,Lexus,RX 350,2012,Foreign Used,Automatic,15000000.0
Toyota Camry 2006 Silver,Toyota,Camry,2006,Local Used,Automatic,4800000.0
Volkswagen Passat 2010 Gray,Volkswagen,Passat,2010,Local Used,Automatic,4700000.0
Lexus GX 460 Premium 2013 Black,Lexus,GX 460,2013,Foreign Used,Automatic,27500000.0
Toyota Venza V6 AWD 2010 White,Toyota,Venza V6,2010,Foreign Used,Automatic,16000000.0
Toyota RAV4 XLE FWD (2.5L 4cyl 6A) 2013 Silver,Toyota,RAV4 XLE,2013,Local Used,Automatic,12300000.0
Toyota Camry 2008 Gold,Toyota,Camry,2008,Foreign Used,Automatic,7950000.0
Toyota Avalon 2015 Black,Toyota,Avalon,2015,Local Used,Automatic,14500000.0
Lexus RX 2011 Black,Lexus,RX,2011,Foreign Used,Automatic,22000000.0
Honda Accord 2013 Black,Honda,Accord,2013,Foreign Used,Automatic,11500000.0
Toyota Corolla 2006 Silver,Toyota,Corolla,2006,Local Used,Automatic,6000000.0
Honda Civic 2016 White,Honda,Civic,2016,Foreign Used,Automatic,16000000.0
Honda Fit Sport 2009 Blue,Honda,Fit Sport,2009,Foreign Used,Automatic,8000000.0
Lexus RX 350 F Sport AWD 2014 Blue,Lexus,RX 350,2014,Foreign Used,Automatic,27500000.0
Lexus RX 330 2005 Blue,Lexus,RX 330,2005,Foreign Used,Automatic,12000000.0
Toyota RAV4 2010 Silver,Toyota,RAV4,2010,Foreign Used,Automatic,13750000.0
Mercedes-Benz GLC-Class 2017 Gray,Mercedes Benz,GLC-Class,2017,Local Used,Automatic,21999999.0
Mercedes-Benz E350 2014 Black,Mercedes Benz,E350,2014,Local Used,Automatic,12000000.0
Toyota Highlander Limited 2010 White,Toyota,Highlander Limited,2010,Foreign Used,Automatic,15000000.0
Toyota RAV4 2014 Red,Toyota,RAV4,2014,Foreign Used,Automatic,16800000.0
Nissan Versa 2010 Blue,Nissan,Versa,2010,Local Used,Automatic,3900000.0
Toyota Camry SE 4dr Sedan (2.5L 4cyl 6A) 2014 Red,Toyota,Camry SE,2014,Foreign Used,Automatic,14800000.0
Lexus RX 2005 Blue,Lexus,RX,2005,Foreign Used,Automatic,12500000.0
Toyota Corolla LE 4dr Sedan (1.8L 4 cyl 4A) 2009 Gold,Toyota,Corolla LE,2009,Foreign Used,Automatic,11000000.0
Lexus GX 460 2011 Black,Lexus,GX 460,2011,Foreign Used,Automatic,32500000.0
Toyota Venza 2010 White,Toyota,Venza,2010,Local Used,Automatic,13000000.0
Toyota Camry LE 4dr Sedan (2.4L 4cyl 5A) 2009 Silver,Toyota,Camry LE,2009,Local Used,Automatic,7700000.0
Toyota Camry XLE 4dr Sedan (3.5L 6cyl 6A) 2015 Black,Toyota,Camry XLE,2015,Local Used,Automatic,10000000.0
Lexus RX 300 4WD 2003 Silver,Lexus,RX 300,2003,Foreign Used,Automatic,10000000.0
Toyota Camry LE 4dr Sedan (2.5L 4cyl 6A) 2012 Black,Toyota,Camry LE,2012,Foreign Used,Automatic,13000000.0
Acura MDX 2016 Black,Acura,MDX,2016,Foreign Used,Automatic,16000000.0
Toyota Corolla 2021 Black,Toyota,Corolla,2021,Foreign Used,Automatic,16900000.0
Toyota Camry XSE V6 4dr Sedan (3.5L 6cyl 6A) 2016 Gray,Toyota,Camry XSE,2016,Foreign Used,Automatic,18500000.0
Hyundai Sonata Limited 2.0T Sedan (2.0L 4cyl 6A) 2013 Black,Hyundai,Sonata Limited,2013,Foreign Used,Automatic,9450000.0
Lexus RX 350 2011 Gold,Lexus,RX 350,2011,Local Used,Automatic,13600000.0
Toyota Camry LE 4dr Sedan (2.5L 4cyl 6AM) 2010 Gray,Toyota,Camry LE,2010,Foreign Used,Automatic,11500000.0
Mercedes-Benz GLK-Class 350 4MATIC 2011 Silver,Mercedes Benz,GLK-Class 350,2011,Foreign Used,Automatic,11500000.0
Mercedes-Benz E350 Base 4Matic Sedan AWD (3.5L 6cyl 7A) 2011 Black,Mercedes Benz,E350 Base,2011,Local Used,Automatic,9200000.0
Toyota Camry 2008 Green,Toyota,Camry,2008,Local Used,Automatic,4700000.0
Lexus RX 2006 Green,Lexus,RX,2006,Local Used,Automatic,5500000.0
Ford Edge 2013 Black,Ford,Edge,2013,Local Used,Automatic,6300000.0
Toyota Camry LE 4dr Sedan w/Prod. End 11/13 (2.5L 4cyl 6A) 2014 White,Toyota,Camry LE,2014,Foreign Used,Automatic,10550000.0
Mercedes-Benz C300 2014 Gray,Mercedes Benz,C300,2014,Foreign Used,Automatic,16000000.0
Dodge Challenger 2016 Gray,Dodge,Challenger,2016,Foreign Used,Automatic,29000000.0
Toyota Camry LE 4dr Sedan (2.5L 4cyl 6A) 2015 Gray,Toyota,Camry LE,2015,Local Used,Automatic,10650000.0
Toyota Highlander 2016 Gray,Toyota,Highlander,2016,Foreign Used,Automatic,27000000.0
Hyundai Veloster Automatic 2012 Black,Hyundai,Veloster Automatic,2012,Local Used,Automatic,7500000.0
Ford F-150 XL 2dr Regular Cab 4WD 6.5 ft. SB (3.7L 6cyl 6A) 2014 White,Ford,F-150 XL,2014,Local Used,Automatic,13500000.0
Honda Accord 2.0 Comfort Automatic 2008 White,Honda,Accord 2,2008,Local Used,Automatic,5500000.0
Mercedes-Benz GLC-Class 2016 Silver,Mercedes Benz,GLC-Class,2016,Foreign Used,Automatic,34000000.0
Toyota Camry 2002 Gold,Toyota,Camry,2002,Local Used,Automatic,2300000.0
Acura MDX SUV 4dr AWD (3.7L 6cyl 6A) 2011 Black,Acura,MDX SUV,2011,Foreign Used,Automatic,11300000.0
Hyundai Sonata GLS Sedan FWD (2.4L 4cyl 6A) 2012 Blue,Hyundai,Sonata GLS,2012,Foreign Used,Automatic,11800000.0
Toyota Camry 2000 Gray,Toyota,Camry,2000,Local Used,Automatic,2300000.0
Lexus RX 2005 Black,Lexus,RX,2005,Local Used,Automatic,7100000.0
BMW 740 2015 Black,BMW,740,2015,Local Used,Automatic,13990000.0
Mercedes-Benz C300 Luxury 4Matic Sedan AWD (2.0L 4cyl 7A) 2016 Gray,Mercedes Benz,C300 Luxury,2016,Local Used,Automatic,15500000.0
Mercedes-Benz GLK-Class 350 4MATIC 2010 Gray,Mercedes Benz,GLK-Class 350,2010,Local Used,Automatic,12390000.0
Toyota Camry SE 4dr Sedan (2.5L 4cyl 6A) 2016 Gray,Toyota,Camry SE,2016,Foreign Used,Automatic,17500000.0
Nissan Sentra SL 2013 Blue,Nissan,Sentra SL,2013,Foreign Used,Automatic,8800000.0
Mercedes-Benz E350 Base 4Matic Sedan AWD (3.5L 6cyl 7A) 2014 Gray,Mercedes Benz,E350 Base,2014,Foreign Used,Automatic,16500000.0
Toyota RAV4 2011 Silver,Toyota,RAV4,2011,Local Used,Automatic,7800000.0
Toyota Corolla 2016 Gray,Toyota,Corolla,2016,Local Used,Automatic,11000000.0
Toyota Camry 2016 White,Toyota,Camry,2016,Foreign Used,Automatic,16800000.0
Lexus RX 350 FWD 2012 Black,Lexus,RX 350,2012,Local Used,Automatic,14500000.0
Toyota Sienna 2011 Burgundy,Toyota,Sienna,2011,Foreign Used,Automatic,14300000.0
Mercedes-Benz GLC-Class 2019 Green,Mercedes Benz,GLC-Class,2019,Local Used,Automatic,33999999.0
Toyota Avalon XLE 4dr Sedan (3.5L 6cyl 6A) 2015 Black,Toyota,Avalon XLE,2015,Foreign Used,Automatic,13500000.0
BMW X3 2013 Blue,BMW,X3,2013,Foreign Used,Automatic,25500000.0
Toyota C-HR XLE FWD Sport Utility (2.0L 4cyl 2AM) 2018 Black,Toyota,C-HR XLE,2018,Local Used,Automatic,19000000.0
Hyundai Sonata 2015 Red,Hyundai,Sonata,2015,Local Used,Automatic,7250000.0
Mazda CX-7 2009 White,Mazda,CX-7,2009,Local Used,Automatic,4800000.0
Toyota Camry 2009 Blue,Toyota,Camry,2009,Foreign Used,Automatic,10600000.0
Toyota Camry SE (2.5L 4cyl 8A) 2019 Red,Toyota,Camry SE,2019,Local Used,Automatic,22300000.0
Mercedes-Benz C350 2008 Gold,Mercedes Benz,C350,2008,Local Used,Automatic,6800000.0
Pontiac Vibe 2005 Red,Pontiac,Vibe,2005,Local Used,Automatic,5200000.0
Toyota Camry 2014 Silver,Toyota,Camry,2014,Foreign Used,Automatic,11800000.0
Chevrolet Camaro LT 2dr Convertible w/1LT (3.6L 6cyl 6M) 2015 Black,Chevrolet,Camaro LT,2015,Foreign Used,Automatic,21000000.0
Toyota Camry XLE 4dr Sedan (2.5L 4cyl 6A) 2013 Green,Toyota,Camry XLE,2013,Local Used,Automatic,10800000.0
Toyota Camry LE 4dr Sedan (2.4L 4cyl 5A) 2008 Ivory,Toyota,Camry LE,2008,Local Used,Automatic,5800000.0
Volkswagen E-Golf 2020 White,Volkswagen,E-Golf,2020,Local Used,Automatic,25000000.0
Chrysler 300 2008 Gray,Chrysler,300,2008,Local Used,Automatic,8500000.0
Honda Accord 2017 Black,Honda,Accord,2017,Foreign Used,Automatic,18000000.0
Toyota Highlander XLE 4dr SUV AWD (3.5L 6cyl 6A) 2014 White,Toyota,Highlander XLE,2014,Foreign Used,Automatic,27500000.0
Land Rover Range Rover Sport HSE 4dr SUV 4WD (3.0L 6cyl S/C 8A) 2015,Land,Rover Range,2015,Foreign Used,Automatic,35000000.0
Toyota Venza Limited 4dr Wagon (3.5L 6cyl 6A) 2014 Brown,Toyota,Venza Limited,2014,Foreign Used,Automatic,19800000.0
Toyota Highlander SE 4x4 V6 (3.5L 6cyl 8A) 2018 White,Toyota,Highlander SE,2018,Foreign Used,Automatic,34500000.0
Toyota 4-Runner 2012 Black,Toyota,4-Runner,2012,Local Used,Automatic,21000000.0
Toyota Highlander 2018 Silver,Toyota,Highlander,2018,Local Used,Automatic,36000000.0
Mercedes-Benz GLE-Class GLE 350 2016 White,Mercedes Benz,GLE-Class GLE,2016,Foreign Used,Automatic,30000000.0
Toyota Highlander XLE V6 4x2 (3.5L 6cyl 6A) 2016 Black,Toyota,Highlander XLE,2016,Foreign Used,Automatic,26999999.0
Toyota Camry SE 4dr Sedan (2.5L 4cyl 6A) 2015 Black,Toyota,Camry SE,2015,Foreign Used,Automatic,13000000.0
Toyota Highlander XLE V6 4x4 (3.5L 6cyl 6A) 2016 Black,Toyota,Highlander XLE,2016,Foreign Used,Automatic,25500000.0
Infiniti M 2006 Gray,Infiniti,M,2006,Local Used,Automatic,3700000.0
Toyota RAV4 2015 Gray,Toyota,RAV4,2015,Local Used,Automatic,13000000.0
Mercedes-Benz GLK-Class 2013 Gray,Mercedes Benz,GLK-Class,2013,Foreign Used,Automatic,21000000.0
Mercedes-Benz M Class 2015 Gray,Mercedes Benz,M Class,2015,Local Used,Automatic,17000000.0
Lexus ES 350 2008 Silver,Lexus,ES 350,2008,Local Used,Automatic,7900000.0
Toyota RAV4 2018 Gray,Toyota,RAV4,2018,Foreign Used,Automatic,27000000.0
Lexus IS 250 2015 Gray,Lexus,IS 250,2015,Local Used,Automatic,14350000.0
Lexus RX 2010 White,Lexus,RX,2010,Foreign Used,Automatic,17200000.0
Toyota Camry LE V6 4dr Sedan (3.5L 6cyl 6AM) 2009 Maroon,Toyota,Camry LE,2009,Local Used,Automatic,7500000.0
Lexus RX 2013 Blue,Lexus,RX,2013,Foreign Used,Automatic,18500000.0
Mitsubishi Outlander 2015 Black,Mitsubishi,Outlander,2015,Foreign Used,Automatic,13999999.0
Hyundai Santa Fe Limited 4dr SUV w/Saddle Interior (3.3L 6cyl 6A) 2014,Hyundai,Santa Fe,2014,Foreign Used,Automatic,16000000.0
Toyota Camry XLE 4dr Sedan (2.5L 4cyl 6A) 2013 Black,Toyota,Camry XLE,2013,Foreign Used,Automatic,13000000.0
Toyota RAV4 2015 Red,Toyota,RAV4,2015,Foreign Used,Automatic,24000000.0
Toyota RAV4 2010 White,Toyota,RAV4,2010,Local Used,Automatic,9000000.0
Toyota Corolla 2013 Silver,Toyota,Corolla,2013,Local Used,Automatic,8500000.0
Toyota Camry SE Sport 4dr Sedan (2.5L 4cyl 6A) 2014 Silver,Toyota,Camry SE,2014,Foreign Used,Automatic,13550000.0
Mitsubishi Outlander 2016 Gray,Mitsubishi,Outlander,2016,Local Used,Automatic,12500000.0
Toyota Highlander 2009 Black,Toyota,Highlander,2009,Foreign Used,Automatic,15500000.0
Mercedes-Benz S-Class S 550 4MATIC 2015 Black,Mercedes Benz,S-Class S,2015,Foreign Used,Automatic,35000000.0
Lexus SC 430 Convertible 2005 Blue,Lexus,SC 430,2005,Local Used,Automatic,9800000.0
Honda Civic 2004 Gold,Honda,Civic,2004,Local Used,Automatic,2850000.0
Hyundai Sonata Limited Sedan FWD (2.4L 4cyl 6A) 2013 Blue,Hyundai,Sonata Limited,2013,Foreign Used,Automatic,10900000.0
Honda Pilot 2013 Gray,Honda,Pilot,2013,Local Used,Automatic,13500000.0
Mercedes-Benz M Class 2015 Blue,Mercedes Benz,M Class,2015,Foreign Used,Automatic,22499999.0
Acura MDX 2011 Gray,Acura,MDX,2011,Foreign Used,Automatic,10950000.0
Lexus GX 2014 Black,Lexus,GX,2014,Foreign Used,Automatic,35000000.0
Acura MDX 2012 Black,Acura,MDX,2012,Foreign Used,Automatic,10800000.0
Hyundai Santa Fe 2.7 V6 4WD 2009 Red,Hyundai,Santa Fe,2009,Local Used,Automatic,7500000.0
Lexus IS 250 Automatic 2010 Black,Lexus,IS 250,2010,Local Used,Automatic,8000000.0
Toyota Camry LE FWD 2020 White,Toyota,Camry LE,2020,Foreign Used,Automatic,19900000.0
Kia Morning 2013,Kia,Morning,2013,Foreign Used,Manual,6350000.0
Toyota Camry 3.5 LE 2008 Black,Toyota,Camry 3,2008,Local Used,Automatic,4900000.0
Toyota Corolla 2010 White,Toyota,Corolla,2010,Local Used,Automatic,6500000.0
Mercedes-Benz GLK-Class 350 4MATIC 2014 Silver,Mercedes Benz,GLK-Class 350,2014,Foreign Used,Automatic,19900000.0
Ford Taurus 2015 Gray,Ford,Taurus,2015,Local Used,Automatic,5500000.0
Honda Accord 2009 Green,Honda,Accord,2009,Local Used,Automatic,4850000.0
Toyota Sienna 2001 Silver,Toyota,Sienna,2001,Local Used,Automatic,3600000.0
Hyundai Elantra 2014 Black,Hyundai,Elantra,2014,Local Used,Automatic,8900000.0
Lexus RX 350 AWD 2014 Brown,Lexus,RX 350,2014,Foreign Used,Automatic,26100000.0
Toyota Camry LE 4dr Sedan (2.4L 4cyl 5A) 2007 Green,Toyota,Camry LE,2007,Foreign Used,Automatic,9200000.0
Acura MDX SUV 4dr AWD (3.7L 6cyl 6A) 2011 Black,Acura,MDX SUV,2011,Local Used,Automatic,5800000.0
Hyundai Sonata Limited 4dr Sedan (2.4L 4cyl 6A) 2015 White,Hyundai,Sonata Limited,2015,Local Used,Automatic,15000000.0
Toyota RAV4 2007 Black,Toyota,RAV4,2007,Foreign Used,Automatic,12200000.0
Ford Edge 2016 White,Ford,Edge,2016,Foreign Used,Automatic,15000000.0
Toyota Sienna 2005 Blue,Toyota,Sienna,2005,Local Used,Automatic,8800000.0
Toyota Venza 2010 Blue,Toyota,Venza,2010,Foreign Used,Automatic,12900000.0
Lexus ES 350 2009 Black,Lexus,ES 350,2009,Local Used,Automatic,8000000.0
Toyota Highlander 2005 Black,Toyota,Highlander,2005,Local Used,Automatic,5500000.0
Mercedes-Benz GLK-Class 2011 Gold,Mercedes Benz,GLK-Class,2011,Foreign Used,Automatic,13300000.0
Honda Pilot 2011 Gold,Honda,Pilot,2011,Local Used,Automatic,8800000.0
Honda Accord 2020 Black,Honda,Accord,2020,Foreign Used,Automatic,24500000.0
Mercedes-Benz GLK-Class Base GLK 350 4dr AWD 4MATIC (3.5L 6cyl 7A) 2015,Mercedes Benz,GLK-Class Base,2015,Local Used,Automatic,14500000.0
Honda CR-V 2008 Black,Honda,CR-V,2008,Local Used,Automatic,4700000.0
Toyota Camry 2008 Gold,Toyota,Camry,2008,Local Used,Automatic,4400000.0
Toyota Sienna 2009 Burgundy,Toyota,Sienna,2009,Foreign Used,Automatic,10490000.0
Toyota Camry 2010 Silver,Toyota,Camry,2010,Foreign Used,Automatic,9850000.0
Toyota RAV4 LE 4dr SUV AWD (2.5L 4cyl 6A) 2014 Red,Toyota,RAV4 LE,2014,Local Used,Automatic,12200000.0
Mercedes-Benz E350 2011 Black,Mercedes Benz,E350,2011,Local Used,Automatic,8800000.0
Mercedes-Benz C180 1999 Blue,Mercedes Benz,C180,1999,Local Used,Automatic,4500000.0
Toyota Camry 2014 Silver,Toyota,Camry,2014,Foreign Used,Automatic,14999999.0
Toyota Venza 2010 Silver,Toyota,Venza,2010,Local Used,Automatic,9200000.0
Toyota Corolla 1.4 VVT-i 2006 Black,Toyota,Corolla 1,2006,Local Used,Automatic,6000000.0
Toyota Corolla SE 2023 White,Toyota,Corolla SE,2023,Local Used,Automatic,22700000.0
Hyundai Sonata 2013 White,Hyundai,Sonata,2013,Foreign Used,Automatic,10000000.0
Volvo XC90 3.2 Premium Plus AWD (3.2L 6cyl 6A) 2014 Blue,Volvo,XC90 3,2014,Foreign Used,Automatic,14000000.0
Honda Pilot 2012 Gray,Honda,Pilot,2012,Local Used,Automatic,7800000.0
Toyota Camry 2008 Gray,Toyota,Camry,2008,Foreign Used,Automatic,9200000.0
Toyota Camry 2008 Gold,Toyota,Camry,2008,Local Used,Automatic,6800000.0
Toyota Highlander 2015 Black,Toyota,Highlander,2015,Foreign Used,Automatic,25000000.0
Nissan Altima 2017 Red,Nissan,Altima,2017,Foreign Used,Automatic,15800000.0
Mercedes-Benz C300 2015 White,Mercedes Benz,C300,2015,Foreign Used,Automatic,18500000.0
Toyota Highlander Limited 2019 White,Toyota,Highlander Limited,2019,Foreign Used,Automatic,32000000.0
Honda Accord 2015 Blue,Honda,Accord,2015,Foreign Used,Automatic,13500000.0
Toyota Camry LE 4dr Sedan (2.5L 4cyl 6A) 2015 Black,Toyota,Camry LE,2015,Foreign Used,Automatic,13000000.0
Mercedes-Benz M Class ML350 4MATIC 4dr SUV AWD (3.5L 6cyl 7A) 2014,Mercedes Benz,M Class,2014,Local Used,Automatic,26000000.0
Toyota Camry LE 4dr Sedan (2.4L 4cyl 5A) 2009 Silver,Toyota,Camry LE,2009,Foreign Used,Automatic,7950000.0
Mercedes-Benz GLK-Class 350 4MATIC 2013 White,Mercedes Benz,GLK-Class 350,2013,Local Used,Automatic,14000000.0
Lexus RX 330 2006 Black,Lexus,RX 330,2006,Local Used,Automatic,7250000.0
Lexus RX 350 2011 Black,Lexus,RX 350,2011,Local Used,Automatic,14500000.0
Lexus ES 350 2008 White,Lexus,ES 350,2008,Local Used,Automatic,7450000.0
Toyota Venza 2011 Black,Toyota,Venza,2011,Local Used,Automatic,12500000.0
Toyota Venza Limited 2011 Black,Toyota,Venza Limited,2011,Local Used,Automatic,12800000.0
Toyota Highlander Limited V6 2006 Gold,Toyota,Highlander Limited,2006,Local Used,Automatic,6800000.0
Toyota Camry XLE 4dr Sedan (2.5L 4cyl 6A) 2013 Blue,Toyota,Camry XLE,2013,Foreign Used,Automatic,14000000.0
Lexus GX 2013 Gray,Lexus,GX,2013,Foreign Used,Automatic,28500000.0
Acura MDX 2017 White,Acura,MDX,2017,Foreign Used,Automatic,23000000.0
Lexus ES 330 2005 Black,Lexus,ES 330,2005,Foreign Used,Automatic,11000000.0
Peugeot 406 Coupe 2002 Red,Peugeot,406 Coupe,2002,Local Used,Manual,2100000.0
Toyota Camry Hybrid LE 2023 Blue,Toyota,Camry Hybrid,2023,Local Used,Automatic,6000000.0
Lexus RX 350 2010 White,Lexus,RX 350,2010,Local Used,Automatic,11950000.0
Lexus RX 2012 Black,Lexus,RX,2012,Local Used,Automatic,14700000.0
Mercedes-Benz GLK-Class 350 4MATIC 2010 Black,Mercedes Benz,GLK-Class 350,2010,Foreign Used,Automatic,12550000.0
Nissan Sentra SV 4dr Sedan (1.8L 4cyl CVT) 2014 Silver,Nissan,Sentra SV,2014,Foreign Used,Automatic,8500000.0
Mazda 6 2017 Black,Mazda,6,2017,Foreign Used,Automatic,14350000.0
Toyota Corolla LE 4dr Sedan (1.8L 4cyl 4A) 2010 Gold,Toyota,Corolla LE,2010,Foreign Used,Automatic,12000000.0
Toyota Camry 2014 Gray,Toyota,Camry,2014,Local Used,Automatic,8900000.0
Toyota Sienna LE AWD 2005 Blue,Toyota,Sienna LE,2005,Local Used,Automatic,6350000.0
Mercedes-Benz GLE-Class 2016 Silver,Mercedes Benz,GLE-Class,2016,Local Used,Automatic,25000000.0
Honda Accord 2013 Silver,Honda,Accord,2013,Local Used,Automatic,9300000.0
Toyota Camry LE V6 4dr Sedan (3.5L 6cyl 6AM) 2010 Gray,Toyota,Camry LE,2010,Foreign Used,Automatic,9200000.0
Lexus GX 2016 Black,Lexus,GX,2016,Local Used,Automatic,28500000.0
Ford Edge SE 4dr AWD (2.0L 4cyl 6A) 2016 Black,Ford,Edge SE,2016,Foreign Used,Automatic,22000000.0
Honda Accord Coupe EX 2007 Black,Honda,Accord Coupe,2007,Local Used,Automatic,3890000.0
Hyundai Elantra 2013 Black,Hyundai,Elantra,2013,Foreign Used,Automatic,14000000.0
Mercedes-Benz M Class ML350 4dr SUV (3.5L 6cyl 7A) 2015 White,Mercedes Benz,M Class,2015,Local Used,Automatic,15500000.0
Lexus IS 200t 2017 White,Lexus,IS 200t,2017,Local Used,Automatic,14800000.0
Toyota Avalon XLE FWDSedan (3.6L 6cyl 6A) 2016 Burgundy,Toyota,Avalon XLE,2016,Foreign Used,Automatic,19000000.0
Mercedes-Benz GLK-Class 350 4MATIC 2010 Silver,Mercedes Benz,GLK-Class 350,2010,Foreign Used,Automatic,10500000.0
Toyota RAV4 2016 Blue,Toyota,RAV4,2016,Foreign Used,Automatic,24000000.0
Acura MDX 2014 Gray,Acura,MDX,2014,Foreign Used,Automatic,14500000.0
Toyota Highlander 2006 Silver,Toyota,Highlander,2006,Local Used,Automatic,7800000.0
Toyota Camry SE Sport 4dr Sedan (2.5L 4cyl 6A) 2014 Red,Toyota,Camry SE,2014,Foreign Used,Automatic,10990000.0
Acura ZDX Base AWD 2010 Black,Acura,ZDX Base,2010,Local Used,Automatic,8500000.0
Honda Civic Sport Hatchback 2018 White,Honda,Civic Sport,2018,Foreign Used,Automatic,16500000.0
Toyota Sienna 2008 Silver,Toyota,Sienna,2008,Local Used,Automatic,6200000.0
Hyundai Elantra 2006 Gold,Hyundai,Elantra,2006,Local Used,Automatic,2700000.0
Toyota Tacoma Base V6 4x4 Double-Cab 121.9 in. WB 2002 Green,Toyota,Tacoma Base,2002,Local Used,Automatic,8500000.0
Toyota Camry 2006 Blue,Toyota,Camry,2006,Local Used,Automatic,5200000.0
Hyundai Sonata ECO Sedan FWD (1.6L 4cyl 7A) 2016 Blue,Hyundai,Sonata ECO,2016,Foreign Used,Automatic,15200000.0
Toyota Corolla L 4dr Sedan (1.8L 4cyl 5M) 2013 Silver,Toyota,Corolla L,2013,Foreign Used,Automatic,11550000.0
Toyota RAV4 2010 Red,Toyota,RAV4,2010,Foreign Used,Automatic,13550000.0
Lexus RX 350 2010 Red,Lexus,RX 350,2010,Foreign Used,Automatic,20000000.0
Kia Picanto 2010 Blue,Kia,Picanto,2010,Local Used,Automatic,4000000.0
Toyota Sienna 2011 Gray,Toyota,Sienna,2011,Foreign Used,Automatic,14000000.0
Honda Civic 2013 Gray,Honda,Civic,2013,Foreign Used,Automatic,10600000.0
Toyota Camry SE FWD (2.5L 4cyl 8AM) 2018 Black,Toyota,Camry SE,2018,Foreign Used,Automatic,20000000.0
Mercedes-Benz M Class ML350 4MATIC 4dr SUV AWD (3.5L 6cyl 7A) 2015 Gray,Mercedes Benz,M Class,2015,Foreign Used,Automatic,27500000.0
Honda CR-V 2022 White,Honda,CR-V,2022,Foreign Used,Automatic,36000000.0
Land Rover Range Rover Sport 2010 Silver,Land,Rover Range,2010,Local Used,Automatic,7500000.0
Toyota Corolla 2010 Gold,Toyota,Corolla,2010,Foreign Used,Automatic,9500000.0
Honda Accord Crosstour 2013 Black,Honda,Accord Crosstour,2013,Local Used,Automatic,12000000.0
Mercedes-Benz M Class 2015 White,Mercedes Benz,M Class,2015,Foreign Used,Automatic,28000000.0
Mercedes-Benz GLC-Class 2017 White,Mercedes Benz,GLC-Class,2017,Foreign Used,Automatic,28000000.0
Toyota Camry LE 4dr Sedan (2.4L 4cyl 5A) 2008 Red,Toyota,Camry LE,2008,Foreign Used,Automatic,9500000.0
Toyota Corolla 2006 Gold,Toyota,Corolla,2006,Foreign Used,Automatic,8500000.0
Toyota Corolla LE 2021 Silver,Toyota,Corolla LE,2021,Foreign Used,Automatic,25000000.0
Toyota Camry LE 4dr Sedan (2.4L 4cyl 5A) 2009 Blue,Toyota,Camry LE,2009,Foreign Used,Automatic,10800000.0
Lexus GX 2011 Burgundy,Lexus,GX,2011,Local Used,Automatic,20550000.0
Mercedes-Benz M Class ML 350 4Matic 2013 Black,Mercedes Benz,M Class,2013,Foreign Used,Automatic,23000000.0
Hyundai Sonata Limited 2.0T Sedan (2.0L 4cyl 6A) 2013 Black,Hyundai,Sonata Limited,2013,Foreign Used,Automatic,9200000.0
Lexus RX 2005 Beige,Lexus,RX,2005,Local Used,Automatic,7550000.0
Toyota Camry 2013 Black,Toyota,Camry,2013,Foreign Used,Automatic,14000000.0
Lexus RX 350 FWD 2012 Black,Lexus,RX 350,2012,Local Used,Automatic,13000000.0
Lexus RX 2017 Gray,Lexus,RX,2017,Foreign Used,Automatic,32000000.0
Honda Accord Coupe Automatic 2005 Gold,Honda,Accord Coupe,2005,Local Used,Automatic,2850000.0
Toyota Sienna XLE Limited AWD 2009 Red,Toyota,Sienna XLE,2009,Foreign Used,Automatic,12000000.0
Toyota Highlander 2013 Blue,Toyota,Highlander,2013,Local Used,Automatic,15500000.0
Toyota Land Cruiser Prado 2009 Black,Toyota,Land Cruiser,2009,Local Used,Automatic,12500000.0
Mercedes-Benz M Class 2013 Black,Mercedes Benz,M Class,2013,Local Used,Automatic,15000000.0
Toyota Camry SE 4dr Sedan (2.5L 4cyl 6A) 2013 Black,Toyota,Camry SE,2013,Foreign Used,Automatic,10500000.0
Toyota Highlander 2019 Black,Toyota,Highlander,2019,Local Used,Automatic,25750000.0
Toyota Corolla LE 2006 Gold,Toyota,Corolla LE,2006,Local Used,Automatic,5600000.0
Mercedes-Benz CLA-Class CLA 250 4MATIC Sedan 2021 Black,Mercedes Benz,CLA-Class CLA,2021,Foreign Used,Automatic,30000000.0
Toyota Corolla LE 2004 Gray,Toyota,Corolla LE,2004,Local Used,Automatic,3950000.0
Toyota Corolla 2016 Silver,Toyota,Corolla,2016,Foreign Used,Automatic,12500000.0
Lexus RX 2010 Gold,Lexus,RX,2010,Foreign Used,Automatic,18200000.0
Toyota Corolla 2003 Gold,Toyota,Corolla,2003,Foreign Used,Automatic,7497000.0
Toyota RAV4 2010 Orange,Toyota,RAV4,2010,Foreign Used,Automatic,13800000.0
Mercedes-Benz M Class ML 350 4Matic 2010 Gray,Mercedes Benz,M Class,2010,Local Used,Automatic,9000000.0
Toyota Corolla Sedan 2003 Silver,Toyota,Corolla Sedan,2003,Local Used,Automatic,2900000.0
Acura MDX 2016 White,Acura,MDX,2016,Foreign Used,Automatic,15500000.0
Mercedes-Benz C250 2013 Black,Mercedes Benz,C250,2013,Foreign Used,Automatic,14500000.0
Mercedes-Benz GLK-Class 350 4MATIC 2010 White,Mercedes Benz,GLK-Class 350,2010,Local Used,Automatic,9000000.0
Lexus RX 2007 Black,Lexus,RX,2007,Local Used,Automatic,11500000.0
Hyundai Elantra 2.0 GLS Automatic 2006 Black,Hyundai,Elantra 2,2006,Local Used,Automatic,5200000.0
Mercedes-Benz M Class ML 350 4Matic 2012 Gray,Mercedes Benz,M Class,2012,Local Used,Automatic,12300000.0
Mercedes-Benz GLK-Class 350 4MATIC 2013 Black,Mercedes Benz,GLK-Class 350,2013,Foreign Used,Automatic,19999999.0
Honda Accord Coupe EX-L Automatic 2007 Gray,Honda,Accord Coupe,2007,Local Used,Automatic,4000000.0
Mercedes-Benz GLC-Class 2016 Black,Mercedes Benz,GLC-Class,2016,Foreign Used,Automatic,22500000.0
Toyota Highlander 2006 Gold,Toyota,Highlander,2006,Local Used,Automatic,6100000.0
Honda Pilot 2010 Blue,Honda,Pilot,2010,Local Used,Automatic,6500000.0
Toyota Camry LE 4dr Sedan (2.4L 4cyl 5A) 2005 Black,Toyota,Camry LE,2005,Local Used,Automatic,4850000.0
Hyundai Ix35 2012 Brown,Hyundai,Ix35,2012,Local Used,Automatic,6500000.0
Toyota Corolla 2004 Black,Toyota,Corolla,2004,Foreign Used,Automatic,7300000.0
Lexus ES 350 2011 Blue,Lexus,ES 350,2011,Local Used,Automatic,10500000.0
Mercedes-Benz C300 2010 Black,Mercedes Benz,C300,2010,Local Used,Automatic,6900000.0
Honda Accord 2016 Black,Honda,Accord,2016,Foreign Used,Automatic,13200000.0
Toyota Camry SE 4dr Sedan (2.5L 4cyl 6A) 2011 Matt Black,Toyota,Camry SE,2011,Local Used,Automatic,6890000.0
Toyota Camry 2.4 GLi Automatic 2008 Gold,Toyota,Camry 2,2008,Local Used,Automatic,6300000.0
Honda Accord EX-L V-6 2dr Coupe w/Navigation (3.5L 6cyl 6A) 2014 Silver,Honda,Accord EX-L,2014,Local Used,Automatic,11900000.0
Toyota Camry SE 4dr Sedan (2.5L 4cyl 6A) 2013 Matt Black,Toyota,Camry SE,2013,Local Used,Automatic,10800000.0
Land Rover Range Rover Velar 2018 White,Land,Rover Range,2018,Local Used,Automatic,27000000.0
Acura MDX 2008 Gold,Acura,MDX,2008,Local Used,Automatic,2500000.0
Toyota RAV4 2012 Black,Toyota,RAV4,2012,Foreign Used,Automatic,12500000.0
Toyota RAV4 2021 White,Toyota,RAV4,2021,Foreign Used,Automatic,35000000.0
Lexus ES 2013 Red,Lexus,ES,2013,Foreign Used,Automatic,18500000.0
Mercedes-Benz GLE-Class GLE 350 2018 Black,Mercedes Benz,GLE-Class GLE,2018,Local Used,Automatic,14500000.0
Toyota RAV4 2009 Gold,Toyota,RAV4,2009,Local Used,Automatic,6500000.0
Mercedes-Benz GLC-Class 2016 Gray,Mercedes Benz,GLC-Class,2016,Foreign Used,Automatic,20000000.0
Hyundai Elantra 2017 Blue,Hyundai,Elantra,2017,Foreign Used,Automatic,16300000.0
Toyota Camry LE 4dr Sedan (2.4L 4cyl 5A) 2008 Red,Toyota,Camry LE,2008,Local Used,Automatic,4700000.0
Toyota Camry 2.4 WT-i 2005 Gold,Toyota,Camry 2,2005,Local Used,Automatic,4350000.0
Toyota Venza XLE 2010 Green,Toyota,Venza XLE,2010,Local Used,Automatic,9599999.0
Toyota Venza Limited 2012 Black,Toyota,Venza Limited,2012,Local Used,Automatic,12900000.0
Toyota Avalon Limited Sedan FWD (3.5L 6cyl 6A) 2008 Blue,Toyota,Avalon Limited,2008,Foreign Used,Automatic,10000000.0
Toyota Camry 2013 Black,Toyota,Camry,2013,Local Used,Automatic,9500000.0
Acura MDX 2008 Black,Acura,MDX,2008,Local Used,Automatic,5400000.0
Mercedes-Benz M Class ML 550 4Matic 2013 Brown,Mercedes Benz,M Class,2013,Local Used,Automatic,11500000.0
Kia Morning 2012 Off white,Kia,Morning,2012,Foreign Used,Automatic,7500000.0
Lexus RX 2008 Black,Lexus,RX,2008,Local Used,Automatic,6000000.0
Honda Odyssey 2006 Black,Honda,Odyssey,2006,Local Used,Automatic,4400000.0
Toyota Tacoma 2007 Black,Toyota,Tacoma,2007,Local Used,Automatic,8500000.0
Toyota Yaris 2007 Red,Toyota,Yaris,2007,Local Used,Automatic,3850000.0
Honda Accord EX-L V-6 4dr Sedan FWD (3.5L 6cyl 6A) 2016 Black,Honda,Accord EX-L,2016,Local Used,Automatic,10000000.0
Honda Accord Sedan LX Automatic 2006 Blue,Honda,Accord Sedan,2006,Local Used,Automatic,3500000.0
Lexus RX 330 2004 White,Lexus,RX 330,2004,Local Used,Automatic,7490000.0
Honda Ridgeline RTS 2011 Gray,Honda,Ridgeline RTS,2011,Foreign Used,Automatic,12900000.0
Toyota Corolla 2010 Silver,Toyota,Corolla,2010,Local Used,Automatic,7200000.0
Hyundai Sonata 2018 White,Hyundai,Sonata,2018,Foreign Used,Automatic,14999999.0
Toyota Camry 2011 Red,Toyota,Camry,2011,Foreign Used,Automatic,10900000.0
Lexus RX 2007 Beige,Lexus,RX,2007,Local Used,Automatic,8500000.0
Toyota Camry LE (2.5L 4cyl 8A) 2019 Brown,Toyota,Camry LE,2019,Foreign Used,Automatic,20000000.0
BMW F-Series 2012 Black,BMW,F-Series,2012,Local Used,Automatic,16500000.0
Toyota Corolla 2007 Blue,Toyota,Corolla,2007,Local Used,Automatic,5500000.0
Toyota Avalon Limited Sedan FWD (3.5L 6cyl 6A) 2009 Beige,Toyota,Avalon Limited,2009,Local Used,Automatic,5500000.0
Toyota RAV4 Limited AWD (2.5L 4cyl 6A) 2016 Burgundy,Toyota,RAV4 Limited,2016,Foreign Used,Automatic,24000000.0
Lexus RX 330 2005 Brown,Lexus,RX 330,2005,Local Used,Automatic,7500000.0
Toyota RAV4 1.8 2005 Red,Toyota,RAV4 1,2005,Local Used,Automatic,3900000.0
Toyota Tacoma Double Cab Long Automatic 4x4 2007 Red,Toyota,Tacoma Double,2007,Local Used,Automatic,14500000.0
Honda Pilot 2016 Black,Honda,Pilot,2016,Foreign Used,Automatic,22800000.0
Toyota Camry 2011 Blue,Toyota,Camry,2011,Local Used,Automatic,7800000.0
Toyota Camry 2019 Black,Toyota,Camry,2019,Local Used,Automatic,19000000.0
Toyota Camry 2020 White,Toyota,Camry,2020,Foreign Used,Automatic,34500000.0
Toyota Corolla 2009 Red,Toyota,Corolla,2009,Local Used,Automatic,8000000.0
Honda Accord 2006 Silver,Honda,Accord,2006,Local Used,Automatic,4500000.0
Toyota Corolla 2006 Silver,Toyota,Corolla,2006,Local Used,Automatic,5500000.0
Peugeot 508 2015 Black,Peugeot,508,2015,Local Used,Automatic,12000000.0
Toyota Corolla 2010 Silver,Toyota,Corolla,2010,Local Used,Automatic,8500000.0
Toyota Sienna XLE 7 Passenger Auto Access Seat (3.5L 6cyl 6A) 2016 Red,Toyota,Sienna XLE,2016,Local Used,Automatic,23000000.0
Toyota Highlander V6 4x4 2007 Blue,Toyota,Highlander V6,2007,Foreign Used,Automatic,12400000.0
Toyota Matrix Hatchback FWD (1.8L 4cyl 5M) 2009 Black,Toyota,Matrix Hatchback,2009,Local Used,Automatic,7000000.0
Mercedes-Benz GLK-Class 2012 White,Mercedes Benz,GLK-Class,2012,Foreign Used,Automatic,12500000.0
Toyota Highlander XLE V6 4x2 (3.5L 6cyl 6A) 2016 Blue,Toyota,Highlander XLE,2016,Foreign Used,Automatic,26500000.0
Chevrolet Malibu 2005 Black,Chevrolet,Malibu,2005,Local Used,Automatic,5200000.0
Toyota Camry 2011 Blue,Toyota,Camry,2011,Local Used,Automatic,6800000.0
Mercedes-Benz C300 Base 4Matic Sedan AWD (2.0L 4cyl 7A) 2016 White,Mercedes Benz,C300 Base,2016,Foreign Used,Automatic,19500000.0
Lexus RX 350 AWD 2014 Burgundy,Lexus,RX 350,2014,Foreign Used,Automatic,26000000.0
Ford Edge Limited 4dr AWD (3.5L 6cyl 6A) 2013 White,Ford,Edge Limited,2013,Foreign Used,Automatic,10900000.0
Honda Accord 2008 Gray,Honda,Accord,2008,Local Used,Automatic,3700000.0
Toyota Camry 2004 Pink,Toyota,Camry,2004,Local Used,Automatic,3450000.0
Honda Accord 2014 Silver,Honda,Accord,2014,Local Used,Automatic,8800000.0
Lexus RX 350 2008 Gray,Lexus,RX 350,2008,Local Used,Automatic,8600000.0
Mercedes-Benz M Class ML 350 4Matic 2007 Silver,Mercedes Benz,M Class,2007,Foreign Used,Automatic,11500000.0
Mercedes-Benz M Class 2015 Gray,Mercedes Benz,M Class,2015,Local Used,Automatic,15900000.0
Toyota Camry XLE V6 4dr Sedan (3.5L 6cyl 6AM) 2007 White,Toyota,Camry XLE,2007,Local Used,Automatic,6200000.0
Hyundai Sonata Sport 4dr Sedan (2.4L 4cyl 6A) 2015 White,Hyundai,Sonata Sport,2015,Foreign Used,Automatic,14500000.0
Toyota Corolla 2015 Silver,Toyota,Corolla,2015,Local Used,Automatic,10000000.0
Lexus IS 250 2008 Gray,Lexus,IS 250,2008,Local Used,Automatic,6900000.0
Toyota Highlander 2016 Silver,Toyota,Highlander,2016,Foreign Used,Automatic,26000000.0
Lexus RX 350 AWD 2017 Silver,Lexus,RX 350,2017,Local Used,Automatic,27320000.0
Toyota Corolla 2016 Red,Toyota,Corolla,2016,Foreign Used,Automatic,15500000.0
Toyota Land Cruiser 2010 White,Toyota,Land Cruiser,2010,Local Used,Manual,36000000.0
Hyundai Sonata 2015 White,Hyundai,Sonata,2015,Foreign Used,Automatic,11500000.0
Toyota Camry 2012 Gray,Toyota,Camry,2012,Local Used,Automatic,9500000.0
Lexus IS 250 2008 Black,Lexus,IS 250,2008,Local Used,Automatic,6500000.0
Hyundai Santa Fe Limited AWD 2017 White,Hyundai,Santa Fe,2017,Foreign Used,Automatic,19800000.0
Toyota RAV4 2007 Gray,Toyota,RAV4,2007,Local Used,Automatic,8000000.0
Toyota Camry 2013 Black,Toyota,Camry,2013,Foreign Used,Automatic,13200000.0
Lexus RX 350 2011 White,Lexus,RX 350,2011,Foreign Used,Automatic,19500000.0
Hyundai Elantra 2013 Black,Hyundai,Elantra,2013,Foreign Used,Automatic,10500000.0
Toyota Camry 2014 Red,Toyota,Camry,2014,Foreign Used,Automatic,14500000.0
Toyota Camry 2008 Silver,Toyota,Camry,2008,Foreign Used,Automatic,9500000.0
Toyota Highlander 2012 Black,Toyota,Highlander,2012,Local Used,Automatic,14500000.0
Hyundai Santa Fe Limited Ultimate AWD 2017 Silver,Hyundai,Santa Fe,2017,Foreign Used,Automatic,26000000.0
Lexus ES 2016 Gold,Lexus,ES,2016,Foreign Used,Automatic,23000000.0
Hyundai Santa Fe 3.3 SE 2008 Gray,Hyundai,Santa Fe,2008,Local Used,Automatic,4950000.0
Nissan Frontier Automatic 2005 Black,Nissan,Frontier Automatic,2005,Local Used,Automatic,5200000.0
Toyota Corolla 2010 Black,Toyota,Corolla,2010,Local Used,Automatic,4900000.0
Hyundai Sonata 2015 Blue,Hyundai,Sonata,2015,Foreign Used,Automatic,14950000.0
Mercedes-Benz GLC-Class 2019 White,Mercedes Benz,GLC-Class,2019,Foreign Used,Automatic,34500000.0
Lexus RX 330 2006 Blue,Lexus,RX 330,2006,Local Used,Automatic,8750000.0
Honda Accord 2009 Black,Honda,Accord,2009,Local Used,Automatic,4400000.0
Lexus ES 2018 Gold,Lexus,ES,2018,Foreign Used,Automatic,24200000.0
Hyundai Sonata 2016 White,Hyundai,Sonata,2016,Foreign Used,Automatic,14999999.0
Honda Accord Crosstour 2012 White,Honda,Accord Crosstour,2012,Foreign Used,Automatic,12500000.0
Toyota Avalon Touring FWD Sedan (3.6L 6cyl 6A) 2016 Black,Toyota,Avalon Touring,2016,Local Used,Automatic,16000000.0
Acura MDX 2014 Blue,Acura,MDX,2014,Foreign Used,Automatic,16500000.0
Toyota RAV4 2017 Blue,Toyota,RAV4,2017,Foreign Used,Automatic,20000000.0
Lexus ES 2006 Gold,Lexus,ES,2006,Local Used,Automatic,6200000.0
Ford Edge 2008 Blue,Ford,Edge,2008,Local Used,Automatic,4800000.0
Toyota Camry 2013 Blue,Toyota,Camry,2013,Foreign Used,Automatic,13500000.0
Toyota Corolla 2010 Black,Toyota,Corolla,2010,Foreign Used,Automatic,9500000.0
Mercedes-Benz C300 Base C300 AWD 4MATIC Sedan 2018 Silver,Mercedes Benz,C300 Base,2018,Foreign Used,Automatic,25000000.0
Toyota Tacoma TRD Sport 2017 Beige,Toyota,Tacoma TRD,2017,Foreign Used,Automatic,35000000.0
Acura MDX 2010 Gray,Acura,MDX,2010,Foreign Used,Automatic,11000000.0
Lexus ES 350 2009 Silver,Lexus,ES 350,2009,Local Used,Automatic,8500000.0
Toyota Camry 2002 Gray,Toyota,Camry,2002,Local Used,Automatic,2100000.0
Toyota Camry SE 4dr Sedan (2.5L 4cyl 6A) 2015 White,Toyota,Camry SE,2015,Foreign Used,Automatic,15500000.0
Toyota Sienna 2011 Silver,Toyota,Sienna,2011,Foreign Used,Automatic,13800000.0
Hyundai Sonata SE 2019 Blue,Hyundai,Sonata SE,2019,Foreign Used,Automatic,16900000.0
Mercedes-Benz C300 2012 Black,Mercedes Benz,C300,2012,Foreign Used,Automatic,13900000.0
Mazda CX-9 2009,Mazda,CX-9,2009,Local Used,Automatic,6900000.0
Toyota Camry SE 4dr Sedan (2.4L 4cyl 5A) 2007 Green,Toyota,Camry SE,2007,Local Used,Automatic,4900000.0
Toyota Camry SE V6 4dr Sedan (3.5L 6cyl 6AM) 2009 Ivory,Toyota,Camry SE,2009,Local Used,Automatic,7500000.0
Toyota Camry SE V6 4dr Sedan (3.5L 6cyl 6AM) 2010 Red,Toyota,Camry SE,2010,Local Used,Automatic,7000000.0
Mercedes-Benz M Class 2013 Gray,Mercedes Benz,M Class,2013,Foreign Used,Automatic,20000000.0
Lexus RX 350 FWD 2012 Gray,Lexus,RX 350,2012,Foreign Used,Automatic,19800000.0
Mercedes-Benz GLE-Class 2017 Black,Mercedes Benz,GLE-Class,2017,Foreign Used,Automatic,33500000.0
Honda Civic Touring Coupe 2019 Blue,Honda,Civic Touring,2019,Foreign Used,Automatic,18500000.0
Toyota Corolla 2012 Gray,Toyota,Corolla,2012,Local Used,Automatic,8500000.0
Toyota Corolla 2022 White,Toyota,Corolla,2022,Foreign Used,Automatic,20500000.0
Toyota Camry SE 4dr Sedan (2.4L 4cyl 5A) 2009 Red,Toyota,Camry SE,2009,Foreign Used,Automatic,10500000.0
Toyota Sienna 2014 Brown,Toyota,Sienna,2014,Foreign Used,Automatic,15500000.0
Toyota RAV4 2015 Black,Toyota,RAV4,2015,Foreign Used,Automatic,19000000.0
Toyota Sienna LE 4WD 2007 Gray,Toyota,Sienna LE,2007,Local Used,Automatic,5200000.0
Toyota Sienna 2013 Gray,Toyota,Sienna,2013,Local Used,Automatic,9200000.0
Lexus ES 350 2009 Gray,Lexus,ES 350,2009,Local Used,Automatic,6200000.0
Mercedes-Benz GLK-Class 350 4MATIC 2010 Black,Mercedes Benz,GLK-Class 350,2010,Foreign Used,Automatic,13200000.0
Pontiac Vibe 2.4 GT 2010 Red,Pontiac,Vibe 2,2010,Foreign Used,Automatic,11200000.0
Toyota Corolla 2007 Silver,Toyota,Corolla,2007,Local Used,Automatic,5200000.0
Toyota Sienna 2010 Silver,Toyota,Sienna,2010,Foreign Used,Automatic,11500000.0
Lexus RX 2005 Blue,Lexus,RX,2005,Local Used,Automatic,7550000.0
Hyundai Sonata 2015 Black,Hyundai,Sonata,2015,Foreign Used,Automatic,14500000.0
Mercedes-Benz GLA 250 2016 Blue,Mercedes Benz,GLA 250,2016,Foreign Used,Automatic,17200000.0
Toyota Corolla 1.6 VVT-i Luna Limousine 2007 Green,Toyota,Corolla 1,2007,Local Used,Automatic,6600000.0
Toyota Corolla 1.8 TS 2004 Matt Black,Toyota,Corolla 1,2004,Local Used,Automatic,5336100.0
Hyundai Elantra 2020 White,Hyundai,Elantra,2020,Foreign Used,Automatic,30000000.0
BMW X3 2012 Black,BMW,X3,2012,Foreign Used,Manual,19000000.0
Lexus RX 350 AWD 2013 White,Lexus,RX 350,2013,Foreign Used,Automatic,23000000.0
Lexus ES 350 FWD 2015 Silver,Lexus,ES 350,2015,Foreign Used,Automatic,21000000.0
Toyota Camry 2.4 XLE 2008 Blue,Toyota,Camry 2,2008,Foreign Used,Automatic,8900000.0
Lexus ES 2014 Gray,Lexus,ES,2014,Local Used,Automatic,11900000.0
Toyota Sequoia SR5 4dr SUV 4WD (5.7L 8cyl 6A) 2012 White,Toyota,Sequoia SR5,2012,Foreign Used,Automatic,19500000.0
Peugeot 406 2.0 2008 Blue,Peugeot,406 2,2008,Foreign Used,Automatic,8000000.0
Toyota RAV4 Limited 2022 White,Toyota,RAV4 Limited,2022,Foreign Used,Automatic,35000000.0
Lexus RX 350 FWD 2018 Black,Lexus,RX 350,2018,Local Used,Automatic,33000000.0
Toyota Highlander 2015 Red,Toyota,Highlander,2015,Foreign Used,Automatic,29500000.0
Nissan Maxima SE 2005 Black,Nissan,Maxima SE,2005,Foreign Used,Automatic,4700000.0
Ford Fusion SE AWD 2016 White,Ford,Fusion SE,2016,Foreign Used,Automatic,12000000.0
Dodge Challenger 2016 White,Dodge,Challenger,2016,Local Used,Automatic,18000000.0
Lexus RX 350 AWD 2008 Gray,Lexus,RX 350,2008,Local Used,Automatic,8800000.0
Lexus GX 470 2004 Gold,Lexus,GX 470,2004,Local Used,Automatic,11000000.0
Toyota Sienna XLE 7 Passenger 2011 Red,Toyota,Sienna XLE,2011,Foreign Used,Automatic,15800000.0
Hyundai Sonata 2015 Silver,Hyundai,Sonata,2015,Foreign Used,Automatic,13500000.0
Toyota Camry LE V6 4dr Sedan (3.5L 6cyl 6AM) 2008 Silver,Toyota,Camry LE,2008,Local Used,Automatic,6200000.0
Nissan Murano 2015 Silver,Nissan,Murano,2015,Foreign Used,Automatic,16500000.0
Toyota Corolla 2009 Green,Toyota,Corolla,2009,Local Used,Automatic,6650000.0
Toyota Highlander 2014 Gray,Toyota,Highlander,2014,Foreign Used,Automatic,23500000.0
Toyota Highlander 2015 Blue,Toyota,Highlander,2015,Foreign Used,Automatic,16000000.0
Toyota Camry XLE 4dr Sedan (2.5L 4cyl 6AM) 2010 Gray,Toyota,Camry XLE,2010,Local Used,Automatic,6800000.0
Toyota Camry 2013 Silver,Toyota,Camry,2013,Foreign Used,Automatic,14000000.0
Honda Accord Sport 4dr Sedan (2.4L 4cyl 6M) 2015 Off white,Honda,Accord Sport,2015,Foreign Used,Automatic,17900000.0
Hyundai Santa Fe 3.3 Limited 2008 Black,Hyundai,Santa Fe,2008,Local Used,Automatic,5680000.0
Lexus RX 2008 Blue,Lexus,RX,2008,Foreign Used,Automatic,12150000.0
Toyota Corolla L (1.8L 4cyl 2A) 2019 White,Toyota,Corolla L,2019,Foreign Used,Automatic,23000000.0
Toyota Land Cruiser Prado 2.7 i 16V 2008 Black,Toyota,Land Cruiser,2008,Local Used,Automatic,11800000.0
Toyota Highlander Limited V6 2005 Gold,Toyota,Highlander Limited,2005,Local Used,Automatic,6500000.0
Mercedes-Benz GLE-Class GLE 350 2016 Black,Mercedes Benz,GLE-Class GLE,2016,Foreign Used,Automatic,35800000.0
Lexus ES 2014 Black,Lexus,ES,2014,Foreign Used,Automatic,17000000.0
Honda Accord 2007 White,Honda,Accord,2007,Local Used,Automatic,2500000.0
Toyota Camry 2008 Silver,Toyota,Camry,2008,Foreign Used,Automatic,8500000.0
Toyota Camry 1998 Black,Toyota,Camry,1998,Local Used,Automatic,2600000.0
Toyota Camry 2002 Gold,Toyota,Camry,2002,Local Used,Automatic,4500000.0
Lexus IS 200 2008 Black,Lexus,IS 200,2008,Local Used,Automatic,6800000.0
Lexus ES 350 2008 Silver,Lexus,ES 350,2008,Foreign Used,Automatic,11500000.0
Ford Focus 1.8 TDCi Trend 2006 Silver,Ford,Focus 1,2006,Foreign Used,Automatic,3650000.0
Land Rover Range Rover Sport 2009 Red,Land,Rover Range,2009,Local Used,Automatic,8000000.0
Toyota RAV4 2015 Silver,Toyota,RAV4,2015,Foreign Used,Automatic,18500000.0
Lexus ES 350 2008 Gray,Lexus,ES 350,2008,Foreign Used,Automatic,11000000.0
Honda CR-V 2012 Brown,Honda,CR-V,2012,Local Used,Automatic,7700000.0
Lexus GX 460 Luxury 2014 Silver,Lexus,GX 460,2014,Local Used,Automatic,35000000.0
Toyota RAV4 2008 Red,Toyota,RAV4,2008,Foreign Used,Automatic,10900000.0
Toyota Highlander 2.4 2001 Blue,Toyota,Highlander 2,2001,Local Used,Automatic,4800000.0
Toyota Tundra 2011 Black,Toyota,Tundra,2011,Foreign Used,Automatic,23000000.0
Lexus ES 350 2008 Black,Lexus,ES 350,2008,Local Used,Automatic,8000000.0
Mini Countryman 2014 Brown,Mini,Countryman,2014,Foreign Used,Automatic,14500000.0
Toyota Camry 2008 Silver,Toyota,Camry,2008,Local Used,Automatic,5800000.0
Toyota Corolla 2014 Black,Toyota,Corolla,2014,Local Used,Automatic,9500000.0
Toyota Corolla 2004 Gray,Toyota,Corolla,2004,Local Used,Automatic,4500000.0
Honda Pilot EX-L 4x4 (3.5L 6cyl 5A) 2007 Gray,Honda,Pilot EX-L,2007,Foreign Used,Automatic,6000000.0
Toyota Sienna 2011 Gray,Toyota,Sienna,2011,Local Used,Automatic,10500000.0
Toyota Camry 2008 Gold,Toyota,Camry,2008,Local Used,Automatic,5800000.0
Toyota Avensis 2008 Blue,Toyota,Avensis,2008,Local Used,Automatic,4000000.0
Toyota Sienna XLE 7-Passenger 4dr Minivan AWD (3.5L 6cyl 6A) 2015 Black,Toyota,Sienna XLE,2015,Foreign Used,Automatic,18850000.0
Mercedes-Benz C280 2007 Black,Mercedes Benz,C280,2007,Foreign Used,Automatic,7000000.0
Rover Land 2016 Black,Rover,Land,2016,Local Used,Automatic,17500000.0
Toyota Avensis Liftback 2004 Silver,Toyota,Avensis Liftback,2004,Foreign Used,Manual,7500000.0
Lexus RX 2015 Gray,Lexus,RX,2015,Foreign Used,Automatic,22500000.0
Toyota Corolla LE 4dr Sedan (1.8L 4cyl 4A) 2013 Red,Toyota,Corolla LE,2013,Foreign Used,Automatic,13000000.0
Volkswagen Beetle 2.0T Final Edition SEL Hatchback 2019 Silver,Volkswagen,Beetle 2,2019,Foreign Used,Automatic,15500000.0
Toyota Camry 2.4 XLE 2008 Red,Toyota,Camry 2,2008,Foreign Used,Automatic,9500000.0
Mercedes-Benz M Class 2013 Blue,Mercedes Benz,M Class,2013,Foreign Used,Automatic,23500000.0
Mercedes-Benz GLA 250 2015 Silver,Mercedes Benz,GLA 250,2015,Foreign Used,Automatic,24500000.0
Toyota Highlander XLE V6 4x4 (3.5L 6cyl 6A) 2016 Gray,Toyota,Highlander XLE,2016,Foreign Used,Automatic,27000000.0
Lexus RX 350 2007 Silver,Lexus,RX 350,2007,Local Used,Automatic,8800000.0
Honda Crosstour 2011 Blue,Honda,Crosstour,2011,Local Used,Automatic,7000000.0
Mercedes-Benz GLK-Class 350 4MATIC 2013 White,Mercedes Benz,GLK-Class 350,2013,Local Used,Automatic,13500000.0
Toyota Camry LE 4dr Sedan (2.4L 4cyl 5A) 2009 Black,Toyota,Camry LE,2009,Foreign Used,Automatic,8500000.0
Toyota Sienna LE & 1 hatch 2000 Blue,Toyota,Sienna LE,2000,Local Used,Automatic,8500000.0
Lexus RX 350 2007 Blue,Lexus,RX 350,2007,Local Used,Automatic,8900000.0
Toyota Corolla 2018 Red,Toyota,Corolla,2018,Foreign Used,Automatic,17500000.0
Mercedes-Benz M Class ML350 4MATIC 4dr SUV AWD (3.5L 6cyl 7A) 2015 Gray,Mercedes Benz,M Class,2015,Foreign Used,Automatic,19800000.0
Mercedes-Benz GLE-Class GLE 350 2017 White,Mercedes Benz,GLE-Class GLE,2017,Foreign Used,Automatic,35000000.0
Toyota Camry XLE V6 4dr Sedan (3.5L 6cyl 6A) 2012 Black,Toyota,Camry XLE,2012,Foreign Used,Automatic,14000000.0
Lexus RX 350 2010 Gold,Lexus,RX 350,2010,Local Used,Automatic,12900000.0
Toyota Corolla 2006 Black,Toyota,Corolla,2006,Local Used,Automatic,3760000.0
Toyota Land Cruiser Prado 2008 Black,Toyota,Land Cruiser,2008,Local Used,Automatic,13800000.0
Mercedes-Benz C300 2013 Blue,Mercedes Benz,C300,2013,Foreign Used,Automatic,12500000.0
Toyota Camry 2.4 LE 2008 Black,Toyota,Camry 2,2008,Foreign Used,Automatic,9000000.0
Toyota Camry LE (2.5L 4cyl 8A) 2019 Silver,Toyota,Camry LE,2019,Foreign Used,Automatic,21500000.0
Toyota Camry L FWD (2.5L 4cyl 8AM) 2018 Silver,Toyota,Camry L,2018,Foreign Used,Automatic,27800000.0
Mercedes-Benz B-Class 2009 Gray,Mercedes Benz,B-Class,2009,Foreign Used,Automatic,7000000.0
Lexus ES 350 2010 Silver,Lexus,ES 350,2010,Foreign Used,Automatic,10800000.0
Toyota Venza Limited 4dr Wagon AWD (3.5L 6cyl 6A) 2014 Red,Toyota,Venza Limited,2014,Local Used,Automatic,14700000.0
